gene,tot_RNA,rd_RNA_1,rd_RNA_2,ss_rd_RNA,IVT_neg,IVT_pos,NGS_116,NGS_117,type,length
thrA,2,3,5,216,80,4,55,73,mRNA,2463
thrB,1,3,2,99,39,2,17,41,mRNA,933
thrC,1,10,6,53,62,22,76,58,mRNA,1287
yaaX,0,1,1,4,9,1,5,9,mRNA,297
yaaA,11,3,2,17,19,1,43,75,mRNA,777
talB,48,65,43,456,1193,77,694,994,mRNA,954
mog,5,7,1,48,87,5,84,88,mRNA,588
dnaK,11,82,196,430,4674,779,3476,7628,mRNA,1917
dnaJ,3,15,16,220,779,30,395,691,mRNA,1131
insL1,1,12,6,77,318,10,97,126,mRNA,1113
mokC,1,1,1,72,43,4,5,16,mRNA,210
hokC,1,1,1,70,42,4,5,12,mRNA,153
nhaA,3,11,7,70,47,8,58,96,mRNA,1167
rpsT,30,196,24,1138,90,495,750,808,mRNA,264
ribF,7,9,7,187,79,9,155,221,mRNA,942
ileS,14,18,13,379,390,38,834,1085,mRNA,2817
lspA,8,5,12,196,164,82,60,147,mRNA,495
fkpB,1,5,6,80,54,3,46,95,mRNA,450
ispH,2,7,3,95,92,23,125,136,mRNA,951
rihC,10,3,4,32,77,8,20,52,mRNA,915
dapB,4,8,4,92,70,12,81,103,mRNA,822
folA,2,5,4,65,41,3,35,45,mRNA,480
apaH,5,3,2,53,74,5,60,68,mRNA,843
apaG,9,13,3,204,118,9,72,74,mRNA,378
rsmA,12,16,4,204,109,5,196,251,mRNA,822
pdxA,13,21,8,272,206,9,156,223,mRNA,990
surA,17,14,12,327,299,15,371,580,mRNA,1287
lptD,19,20,12,233,306,5,412,592,mRNA,2355
djlA,1,2,1,90,16,2,38,42,mRNA,816
yabP,3,2,1,30,16,2,16,18,mRNA,651
rapA,4,5,3,48,48,4,150,235,mRNA,2907
polB,1,6,3,16,39,2,28,55,mRNA,2352
yabI,1,1,1,78,24,4,17,30,mRNA,765
thiP,1,5,1,16,11,1,12,17,mRNA,1611
cra,9,9,8,252,162,19,88,128,mRNA,1005
mraZ,13,12,5,169,107,2,103,126,mRNA,459
rsmH,16,15,5,245,162,10,124,143,mRNA,942
ftsL,8,5,4,154,75,5,48,47,mRNA,366
ftsI,12,43,10,243,202,57,155,142,mRNA,1767
murE,14,6,5,245,152,16,238,253,mRNA,1488
murF,8,6,4,153,147,8,199,199,mRNA,1359
mraY,5,6,6,161,116,7,106,138,mRNA,1083
murD,6,8,8,206,125,8,198,252,mRNA,1317
ftsW,8,10,6,183,110,14,143,174,mRNA,1245
murG,9,7,2,179,89,6,122,156,mRNA,1068
murC,7,5,2,318,129,8,208,295,mRNA,1476
ddlB,5,8,5,310,124,12,169,226,mRNA,921
ftsQ,10,5,5,288,99,3,152,161,mRNA,831
ftsA,20,7,8,455,174,16,265,356,mRNA,1263
ftsZ,26,11,7,474,201,12,545,696,mRNA,1152
lpxC,53,107,30,1681,558,191,829,1317,mRNA,918
secM,14,14,9,92,76,1,89,131,mRNA,513
secA,25,29,13,375,329,41,621,987,mRNA,2706
zapD,8,2,1,34,58,2,55,73,mRNA,744
ampE,1,3,1,123,27,10,16,40,mRNA,855
aroP,1,1,1,20,35,8,15,15,mRNA,1374
pdhR,44,26,5,221,170,3,146,132,mRNA,765
aceE,41,75,3,531,140,9,3065,3701,mRNA,2664
aceF,21,58,13,574,161,73,2015,2294,mRNA,1893
lpd,29,81,43,372,210,490,1534,1988,mRNA,1425
acnB,16,27,26,185,548,250,273,415,mRNA,2598
speD,5,17,7,26,152,14,85,141,mRNA,795
yacC,5,7,2,29,31,1,20,22,mRNA,348
gcd,3,1,1,28,29,6,55,68,mRNA,2391
hpt,9,14,8,253,142,15,149,248,mRNA,537
can,9,21,18,57,293,25,90,158,mRNA,663
yadH,2,2,1,68,47,4,50,51,mRNA,771
panD,11,27,19,31,234,15,86,124,mRNA,381
panC,14,9,4,117,172,21,84,123,mRNA,852
panB,6,3,1,34,45,2,57,106,mRNA,795
folK,4,6,2,24,71,2,10,22,mRNA,480
pcnB,10,17,6,77,139,8,185,268,mRNA,1398
gluQ,2,2,3,14,19,1,16,32,mRNA,927
dksA,17,73,29,705,904,227,165,324,mRNA,456
sfsA,9,6,3,290,26,2,34,96,mRNA,705
hrpB,4,5,4,52,29,13,61,48,mRNA,2430
mrcB,3,7,4,81,77,14,100,110,mRNA,2535
fhuA,4,42,8,53,168,6,22,39,mRNA,2244
fhuB,3,4,3,32,32,4,6,16,mRNA,1983
hemL,4,13,8,104,160,17,132,198,mRNA,1281
clcA,2,5,2,59,63,4,30,35,mRNA,1422
yadW,3,10,1,71,42,1,17,20,mRNA,66
erpA,6,22,2,76,129,2,44,45,mRNA,345
yadS,2,1,3,22,31,6,19,11,mRNA,624
btuF,2,3,1,20,36,1,18,15,mRNA,801
mtn,4,16,8,90,129,5,89,164,mRNA,699
dgt,1,3,1,39,20,3,12,31,mRNA,1518
degP,3,4,7,62,353,13,284,479,mRNA,1425
cdaR,1,1,2,44,33,2,23,32,mRNA,1158
yaeH,9,8,2,138,66,7,25,94,mRNA,387
dapD,16,30,19,327,517,53,340,544,mRNA,825
glnD,3,1,1,23,24,4,45,83,mRNA,2673
map,7,20,6,172,73,20,157,207,mRNA,795
rpsB,33,79,33,1744,297,321,2738,3763,mRNA,726
tsf,26,102,37,884,148,447,1909,2341,mRNA,852
pyrH,4,6,4,109,37,2,191,209,mRNA,726
frr,19,37,11,557,383,88,408,494,mRNA,558
dxr,3,5,1,62,37,7,69,77,mRNA,1197
ispU,14,9,7,319,60,6,165,196,mRNA,762
cdsA,14,10,6,326,114,9,89,122,mRNA,858
rseP,16,10,9,497,160,15,395,433,mRNA,1353
bamA,23,34,19,791,414,24,933,1615,mRNA,2433
skp,22,46,24,721,576,46,298,541,mRNA,486
lpxD,17,64,39,682,828,89,462,647,mRNA,1026
fabZ,10,11,3,490,67,6,148,222,mRNA,456
lpxA,13,32,13,591,289,41,229,324,mRNA,789
lpxB,9,21,6,409,228,19,108,130,mRNA,1149
rnhB,2,2,1,73,55,0,49,52,mRNA,597
dnaE,14,18,12,294,155,11,269,381,mRNA,3483
accA,12,8,9,172,149,47,248,306,mRNA,960
rof,7,6,3,175,105,5,23,20,mRNA,255
yaeP,5,2,2,167,54,3,18,17,mRNA,201
yaeF,1,1,1,18,6,2,10,4,mRNA,825
proS,8,5,6,135,70,57,423,520,mRNA,1719
metQ,4,10,4,26,89,2,32,50,mRNA,816
metI,1,1,2,18,12,1,5,10,mRNA,654
gmhB,2,5,2,145,66,2,43,77,mRNA,576
yafD,5,8,5,92,102,6,19,58,mRNA,801
yafE,4,3,1,40,26,5,14,25,mRNA,624
mltD,19,17,13,330,90,36,213,230,mRNA,1359
gloB,4,1,1,33,17,5,26,45,mRNA,756
rnhA,1,2,3,83,23,1,16,41,mRNA,468
dnaQ,1,1,3,29,28,3,26,43,mRNA,732
yafV,3,1,2,68,24,4,9,23,mRNA,771
gmhA,10,2,3,94,102,5,63,118,mRNA,579
yafJ,4,6,1,52,109,5,69,50,mRNA,768
dinB,1,2,1,8,25,1,5,20,mRNA,1056
pepD,27,6,13,230,195,66,443,753,mRNA,1458
gpt,2,7,2,23,54,9,105,96,mRNA,459
frsA,7,6,2,56,41,2,44,63,mRNA,1245
proB,9,5,1,95,61,5,143,158,mRNA,1104
proA,9,10,4,99,121,21,192,192,mRNA,1254
insI1,2,3,1,52,33,2,24,54,mRNA,1152
insH1,1,3,4,19,40,1,51,30,mRNA,981
mmuM,2,2,4,75,25,7,24,18,mRNA,933
yagF,1,5,9,29,293,42,18,44,mRNA,1968
xynR,2,4,1,8,28,2,12,14,mRNA,759
insB3,1,1,1,6,4,2,15,1,mRNA,504
insA3,1,2,1,6,2,1,10,2,mRNA,276
yagN,4,15,3,16,69,1,20,28,mRNA,441
intF,0,1,1,5,21,1,24,27,mRNA,1401
yagU,6,8,3,31,32,8,27,45,mRNA,615
ykgG,2,1,1,73,29,1,66,149,mRNA,696
betB,3,1,3,27,76,4,40,69,mRNA,1473
betT,1,4,2,161,80,8,18,23,mRNA,2034
yahB,1,2,1,13,17,1,10,10,mRNA,933
frmA,6,6,3,37,107,7,92,200,mRNA,1110
hemB,6,13,2,64,105,3,120,156,mRNA,975
yaiW,3,3,1,33,21,3,27,26,mRNA,1095
ddlA,2,4,6,52,86,13,114,168,mRNA,1095
proC,7,3,2,20,61,5,23,49,mRNA,810
aroM,2,1,2,18,15,2,17,12,mRNA,678
ppnP,6,3,7,130,107,8,25,46,mRNA,285
rdgC,4,7,4,32,61,5,64,77,mRNA,912
mak,3,3,1,32,29,1,26,36,mRNA,909
sbcC,2,3,3,29,32,2,26,77,mRNA,3147
brnQ,3,8,1,40,62,21,61,64,mRNA,1320
proY,3,6,3,28,30,4,53,60,mRNA,1374
malZ,2,3,3,23,105,11,12,35,mRNA,1815
queA,1,3,1,48,25,1,86,107,mRNA,1071
tgt,3,8,5,350,80,2,172,267,mRNA,1128
yajC,7,19,18,590,260,34,127,183,mRNA,333
secD,11,42,29,751,440,68,312,421,mRNA,1848
secF,6,22,5,289,115,80,199,207,mRNA,972
tsx,3,80,82,62,1467,276,677,711,mRNA,885
nrdR,14,3,1,39,22,1,49,43,mRNA,450
ribD,15,5,4,88,86,6,87,79,mRNA,1104
ribE,18,4,6,106,116,2,92,186,mRNA,471
nusB,18,21,9,134,291,14,140,163,mRNA,420
thiL,0,1,2,37,46,5,40,56,mRNA,978
pgpA,6,6,5,137,83,16,28,34,mRNA,519
yajO,6,7,2,142,33,4,33,51,mRNA,975
dxs,6,12,8,126,202,12,122,157,mRNA,1863
ispA,8,4,4,47,105,2,127,106,mRNA,900
thiI,5,6,2,69,64,5,108,165,mRNA,1449
yajL,5,0,5,115,53,9,36,35,mRNA,591
panE,9,2,1,118,24,2,44,53,mRNA,912
yajQ,6,4,6,421,224,37,201,259,mRNA,492
cyoE,6,78,35,204,669,162,68,93,mRNA,891
cyoD,3,13,14,127,189,8,49,45,mRNA,330
cyoC,3,18,13,101,191,22,39,60,mRNA,615
cyoB,5,34,25,176,400,25,160,218,mRNA,1992
cyoA,7,27,15,155,179,4,93,150,mRNA,948
ampG,3,9,4,30,72,10,60,53,mRNA,1476
yajG,2,17,6,33,115,5,72,87,mRNA,579
bolA,4,10,4,194,82,12,32,41,mRNA,318
tig,26,65,25,875,316,196,1594,2162,mRNA,1299
clpP,17,15,11,180,323,33,329,704,mRNA,624
clpX,22,49,40,516,844,230,568,1080,mRNA,1275
lon,12,16,33,391,824,170,837,1814,mRNA,2355
hupB,31,74,66,1239,1380,663,667,1040,mRNA,273
ppiD,11,17,9,313,277,28,378,415,mRNA,1872
mdlA,1,4,2,33,31,1,20,36,mRNA,1773
tesB,3,3,2,44,28,9,24,28,mRNA,861
ybaY,5,4,1,25,26,8,4,12,mRNA,573
pdeB,2,1,1,12,22,3,28,20,mRNA,1551
ylaC,3,8,3,10,139,4,18,58,mRNA,471
maa,3,6,3,15,65,3,17,2,mRNA,552
hha,5,7,6,34,103,5,32,49,mRNA,219
tomB,4,8,7,56,112,7,20,42,mRNA,375
acrB,6,11,10,313,141,45,399,540,mRNA,3150
mscK,5,7,1,147,37,2,60,86,mRNA,3363
ybaM,2,1,1,25,14,2,6,0,mRNA,162
priC,3,2,1,22,15,1,8,18,mRNA,528
ybaN,2,1,2,7,15,1,2,4,mRNA,378
apt,5,12,2,37,71,5,72,49,mRNA,552
dnaX,14,12,4,265,108,9,193,262,mRNA,1932
ybaB,3,10,4,225,93,0,149,221,mRNA,330
recR,6,32,18,255,291,45,83,134,mRNA,606
htpG,2,6,36,82,864,276,903,1578,mRNA,1875
adk,15,16,5,452,151,19,263,391,mRNA,645
gsk,4,4,3,42,38,1,49,69,mRNA,1305
ybaL,9,7,3,81,81,5,84,131,mRNA,1677
ybaK,1,1,1,7,27,3,13,14,mRNA,480
ybaQ,1,6,2,12,31,1,19,39,mRNA,342
cnoX,5,5,18,55,528,18,163,241,mRNA,855
tesA,1,1,1,18,13,1,30,21,mRNA,627
allR,4,2,3,74,66,9,56,55,mRNA,816
lpxH,1,33,14,145,325,22,41,74,mRNA,723
ppiB,15,47,16,224,396,51,347,597,mRNA,495
cysS,4,5,1,80,83,12,138,219,mRNA,1386
ybcJ,5,2,2,82,37,8,9,18,mRNA,213
folD,5,2,2,92,37,6,129,90,mRNA,867
intD,1,1,1,13,53,1,41,50,mRNA,1164
insH2,3,11,7,29,206,6,48,60,mRNA,981
borD,2,8,5,14,88,20,40,44,mRNA,294
ompT,1,37,10,25,535,28,566,918,mRNA,954
ybdG,3,4,3,50,33,9,46,84,mRNA,1248
nfsB,4,11,4,52,161,19,84,209,mRNA,654
ybdF,2,3,1,11,17,2,4,8,mRNA,369
fepD,1,4,1,7,17,1,6,2,mRNA,1005
ybdD,1,6,2,19,36,4,0,4,mRNA,198
ahpC,192,101,83,574,1074,363,547,877,mRNA,564
ahpF,41,8,2,199,81,29,167,270,mRNA,1566
rnk,2,9,1,32,51,3,32,48,mRNA,411
rna,4,4,6,16,27,1,56,51,mRNA,807
cspE,37,432,141,3651,660,1866,1937,3252,mRNA,210
tatE,2,6,1,82,11,7,50,54,mRNA,204
lipA,14,21,8,114,62,51,207,316,mRNA,966
ybeD,2,9,26,18,307,22,90,192,mRNA,264
dacA,6,14,3,42,122,10,103,157,mRNA,1212
rlpA,3,10,5,110,99,3,64,76,mRNA,1089
mrdB,7,5,2,108,55,2,68,55,mRNA,1113
mrdA,6,11,4,65,58,4,107,126,mRNA,1902
rlmH,6,5,3,76,59,5,62,70,mRNA,468
rsfS,5,4,2,74,32,2,94,88,mRNA,318
holA,7,18,2,91,121,24,46,64,mRNA,1032
lptE,10,23,3,202,159,30,83,116,mRNA,582
leuS,16,13,14,267,191,17,483,646,mRNA,2583
ybeL,3,9,1,192,54,0,40,106,mRNA,483
rihA,5,5,7,103,268,15,126,235,mRNA,936
gltI,2,5,2,34,51,8,14,29,mRNA,909
insH3,4,5,4,30,74,1,44,45,mRNA,981
lnt,3,20,8,70,207,22,82,83,mRNA,1539
ybeX,5,13,9,81,282,15,212,206,mRNA,879
ybeY,4,0,4,58,158,7,74,104,mRNA,468
ybeZ,6,4,2,59,109,7,177,270,mRNA,1041
miaB,6,15,2,92,88,9,120,161,mRNA,1425
ubiF,4,4,2,123,26,6,46,51,mRNA,1176
asnB,5,6,1,785,40,8,62,82,mRNA,1665
umpH,10,9,3,50,102,12,57,53,mRNA,753
nagC,10,15,5,79,112,7,57,93,mRNA,1221
nagE,10,17,6,100,133,57,99,281,mRNA,1947
glnS,20,16,13,151,153,73,374,544,mRNA,1665
fur,17,22,6,289,110,30,158,258,mRNA,447
uof,14,9,3,223,61,4,20,94,mRNA,87
fldA,3,6,5,68,75,33,139,162,mRNA,531
ybfF,3,4,1,18,29,2,26,24,mRNA,765
seqA,8,5,8,70,57,2,105,210,mRNA,546
pgm,11,8,4,108,148,26,289,352,mRNA,1641
ybfA,7,6,3,708,9,17,21,38,mRNA,207
pxpC,2,3,1,83,65,4,36,30,mRNA,933
pxpA,3,4,2,48,81,5,8,25,mRNA,735
gltA,19,12,49,171,983,102,12,40,mRNA,1284
sdhA,5,17,12,100,517,28,5,21,mRNA,1767
sdhB,6,17,41,62,893,157,10,10,mRNA,717
sucA,7,8,23,50,652,23,87,154,mRNA,2802
sucB,7,8,8,59,395,24,80,123,mRNA,1218
sucC,9,6,11,27,264,18,80,92,mRNA,1167
sucD,9,16,27,33,459,105,56,76,mRNA,870
cydA,62,31,7,487,198,6,767,995,mRNA,1569
cydB,64,17,11,450,152,14,630,673,mRNA,1140
cydX,44,17,12,373,122,14,105,125,mRNA,114
ybgE,17,21,7,258,117,12,39,65,mRNA,294
ybgC,1,6,4,39,23,1,28,55,mRNA,405
tolQ,2,3,2,86,38,2,55,64,mRNA,693
tolA,5,3,1,143,55,4,54,67,mRNA,1266
tolB,17,19,7,453,201,8,203,247,mRNA,1293
pal,13,52,19,343,488,80,282,343,mRNA,522
cpoB,7,53,20,297,663,72,147,163,mRNA,792
aroG,17,8,8,95,173,13,132,178,mRNA,1053
gpmA,15,20,19,245,157,170,248,476,mRNA,753
galM,8,31,13,302,422,31,88,102,mRNA,1041
galK,8,12,8,145,166,5,85,102,mRNA,1149
galT,1,20,3,33,152,8,72,146,mRNA,1047
galE,1,31,4,36,148,6,241,451,mRNA,1017
modF,3,12,4,33,79,5,32,46,mRNA,1473
acrZ,1,31,2,111,21,35,42,66,mRNA,150
ybhA,1,2,1,12,21,3,31,29,mRNA,819
pgl,6,9,6,37,151,11,109,128,mRNA,996
ybhC,3,14,2,41,115,12,88,91,mRNA,1284
ybhB,2,2,3,22,30,5,16,14,mRNA,477
uvrB,5,4,2,58,29,4,76,82,mRNA,2022
moaA,11,17,5,96,52,3,136,172,mRNA,990
moaC,15,3,1,165,29,0,55,78,mRNA,486
moaD,13,2,2,146,36,5,33,51,mRNA,246
moaE,11,2,1,125,61,2,68,112,mRNA,453
ybhL,3,13,1,57,52,6,40,92,mRNA,705
ybhR,3,1,1,10,19,2,10,16,mRNA,1107
ybhS,1,1,2,11,25,2,12,5,mRNA,1134
ybhF,2,1,1,38,39,1,28,33,mRNA,1737
ybhG,2,2,1,64,40,1,12,10,mRNA,999
rhlE,2,3,1,82,15,2,117,167,mRNA,1365
ybiB,5,1,2,46,34,7,46,60,mRNA,963
glnQ,7,2,1,34,80,9,68,139,mRNA,723
glnH,6,2,4,43,129,7,212,460,mRNA,747
dps,191,5,5,336,132,14,81,182,mRNA,504
yliM,4,13,0,62,72,4,221,323,mRNA,66
ompX,35,254,53,1582,541,354,1984,1793,mRNA,516
mntS,1,31,12,32,81,6,17,39,mRNA,129
ybiV,1,5,1,20,15,1,21,24,mRNA,816
moeB,3,7,3,37,43,1,71,74,mRNA,750
moeA,4,0,1,38,17,1,80,73,mRNA,1236
rimO,5,3,1,12,12,3,49,67,mRNA,1326
gstB,7,3,3,110,78,7,22,36,mRNA,627
dacC,2,5,4,60,75,14,32,28,mRNA,1203
deoR,4,6,1,52,39,9,22,35,mRNA,759
ybjL,2,5,1,40,11,6,29,38,mRNA,1686
ybjC,1,3,1,27,13,1,19,34,mRNA,288
rimK,1,4,5,73,61,8,49,70,mRNA,903
ybjN,4,12,4,61,58,2,61,83,mRNA,477
rlmC,3,2,1,15,7,1,27,24,mRNA,1128
artM,7,1,3,23,33,6,8,35,mRNA,669
artQ,8,2,3,36,57,1,7,28,mRNA,717
artI,8,3,2,35,92,5,37,42,mRNA,732
ybjQ,6,1,0,78,38,1,18,30,mRNA,324
amiD,9,4,3,114,59,2,19,46,mRNA,831
ybjT,4,2,1,65,62,5,28,35,mRNA,1431
ltaE,3,5,3,87,34,3,31,46,mRNA,1002
ybjD,3,2,1,24,37,2,20,34,mRNA,1659
ybjX,6,6,6,11,111,3,85,90,mRNA,993
cspD,19,31,22,173,315,206,39,63,mRNA,225
clpS,15,7,3,260,43,3,49,104,mRNA,321
clpA,46,30,24,890,309,102,655,919,mRNA,2277
infA,12,39,9,139,106,54,310,395,mRNA,219
cydC,3,5,1,46,60,2,54,58,mRNA,1722
trxB,6,23,7,33,225,21,138,231,mRNA,966
lrp,7,15,10,290,167,62,115,179,mRNA,495
ftsK,17,28,25,293,289,35,326,373,mRNA,3990
lolA,7,7,4,101,111,6,75,72,mRNA,612
rarA,4,4,4,106,114,7,51,74,mRNA,1344
serS,39,40,18,265,352,180,557,905,mRNA,1293
pflA,11,8,1,60,24,3,137,242,mRNA,741
pflB,117,47,13,1406,123,119,9636,16789,mRNA,2283
focA,34,15,2,248,19,1,587,1236,mRNA,858
ycaO,8,21,1,33,60,5,121,150,mRNA,1761
serC,7,1,7,214,93,15,134,191,mRNA,1089
aroA,1,4,1,38,25,4,114,111,mRNA,1284
cmk,13,2,2,159,46,2,142,207,mRNA,684
rpsA,80,542,145,1332,1431,1741,6902,8421,mRNA,1674
ihfB,21,31,18,158,109,56,75,114,mRNA,285
msbA,6,9,9,96,86,2,148,194,mRNA,1749
lpxK,7,3,8,65,81,3,50,32,mRNA,987
ycaQ,1,1,1,25,19,2,10,13,mRNA,1233
ycaR,8,6,4,83,14,1,36,36,mRNA,183
kdsB,9,15,5,98,121,2,101,126,mRNA,747
mukF,6,6,2,150,105,4,122,158,mRNA,1323
mukE,3,5,2,110,59,2,108,115,mRNA,705
mukB,1,26,11,334,309,72,524,622,mRNA,4461
ldtD,8,7,3,78,73,7,42,61,mRNA,1848
mepK,11,12,5,134,235,2,106,134,mRNA,549
gloC,14,10,7,258,228,9,146,145,mRNA,648
aspC,14,8,13,100,162,68,136,201,mRNA,1191
ompF,7,50,29,1176,335,168,322,209,mRNA,1089
asnS,14,28,11,220,143,95,277,336,mRNA,1401
pncB,9,6,5,56,122,3,77,135,mRNA,1203
pepN,8,20,17,180,332,28,261,463,mRNA,2613
zapC,9,9,2,121,30,1,15,14,mRNA,543
ycbX,4,1,3,22,50,2,60,71,mRNA,1110
uup,3,4,2,100,54,5,75,152,mRNA,1908
pqiA,1,6,1,76,26,1,29,34,mRNA,1254
rmf,21,5,5,391,63,38,40,46,mRNA,168
fabA,21,85,20,486,539,510,566,448,mRNA,519
ycbZ,13,4,2,110,46,3,114,184,mRNA,1761
matP,3,4,1,19,29,6,14,29,mRNA,453
ompA,119,182,81,1598,489,1524,5659,4972,mRNA,1041
mgsA,9,27,21,332,320,31,117,200,mRNA,459
yccU,6,3,1,35,22,15,24,55,mRNA,414
hspQ,3,7,17,61,63,68,88,116,mRNA,318
rlmI,3,3,2,56,15,4,36,97,mRNA,1191
tusE,2,4,1,27,25,1,10,20,mRNA,330
yccA,12,24,15,166,287,66,101,147,mRNA,660
cspG,4,14,5,126,94,14,329,574,mRNA,213
ymcF,4,11,6,115,48,31,92,115,mRNA,189
ymcE,1,7,5,54,24,13,20,20,mRNA,231
gnsA,1,4,4,10,76,3,40,52,mRNA,174
torR,1,2,1,5,12,1,4,8,mRNA,693
cbpM,8,2,2,37,51,3,4,15,mRNA,306
agp,10,1,1,276,102,7,66,90,mRNA,1242
wrbA,79,2,1,148,18,3,66,115,mRNA,597
putP,3,5,4,50,248,25,29,44,mRNA,1509
ycdZ,5,13,1,57,89,15,86,80,mRNA,492
clsC,3,1,1,29,13,1,8,12,mRNA,1422
opgG,6,11,3,34,103,3,214,360,mRNA,1536
opgH,7,19,4,89,118,42,221,356,mRNA,2544
lpxL,6,5,2,24,48,2,38,54,mRNA,921
solA,3,7,4,18,81,4,30,48,mRNA,1119
bssS,5,17,13,915,198,26,111,156,mRNA,255
yceB,5,5,1,6,25,1,18,53,mRNA,561
grxB,15,6,6,32,50,2,58,92,mRNA,648
yceM,6,3,3,48,80,11,30,41,mRNA,924
murJ,2,7,4,26,29,10,32,42,mRNA,1536
rne,23,25,10,263,310,50,554,724,mRNA,3186
rluC,2,6,1,106,66,7,82,104,mRNA,960
yceF,2,1,2,29,19,0,10,29,mRNA,585
yceD,60,95,40,2492,575,43,1110,1451,mRNA,522
rpmF,51,289,94,2802,1139,397,628,859,mRNA,174
plsX,28,263,69,2625,1028,415,197,269,mRNA,1071
fabH,18,12,1,646,144,9,437,591,mRNA,954
fabD,17,6,4,873,160,7,436,637,mRNA,930
fabG,49,24,30,2124,347,19,644,941,mRNA,735
acpP,83,287,164,3098,2635,771,1281,1911,mRNA,237
fabF,28,58,25,573,275,335,699,909,mRNA,1242
pabC,1,2,1,25,12,1,22,31,mRNA,810
holB,2,2,1,38,45,1,36,30,mRNA,1005
ycfH,3,6,1,19,46,1,55,56,mRNA,798
ptsG,9,28,9,137,90,136,2188,3068,mRNA,1434
ycfL,12,3,1,131,60,4,34,68,mRNA,378
lpoB,11,4,3,97,140,4,52,61,mRNA,642
thiK,5,4,5,97,105,2,25,52,mRNA,825
nagZ,12,2,4,138,89,3,132,179,mRNA,1026
ycfP,15,19,3,118,182,2,137,319,mRNA,543
ndh,20,45,2,512,54,2,417,487,mRNA,1305
mfd,8,7,14,89,252,17,161,272,mRNA,3447
lolC,2,4,1,79,38,2,87,84,mRNA,1200
lolE,11,4,0,219,67,2,90,144,mRNA,1245
nagK,5,1,8,189,55,8,46,72,mRNA,912
cobB,3,3,3,149,87,1,52,64,mRNA,840
potD,3,9,3,77,105,22,149,175,mRNA,1047
potC,5,6,1,64,17,1,30,69,mRNA,795
potB,2,7,1,29,20,3,74,67,mRNA,828
potA,2,8,1,26,31,4,128,151,mRNA,1137
pepT,14,2,3,277,46,6,228,419,mRNA,1227
roxA,4,7,7,165,80,11,64,135,mRNA,1122
phoQ,2,4,8,77,111,8,37,41,mRNA,1461
phoP,3,3,6,59,67,2,42,61,mRNA,672
purB,3,11,6,27,80,5,106,160,mRNA,1371
hflD,6,3,4,32,68,2,56,54,mRNA,642
mnmA,2,8,7,58,82,2,177,206,mRNA,1107
icd,30,49,22,208,833,55,198,344,mRNA,1251
ymfK,2,6,2,25,23,1,18,34,mRNA,675
minE,6,23,14,192,319,34,53,95,mRNA,267
minD,9,17,10,258,315,11,172,305,mRNA,813
minC,5,10,8,157,91,6,67,95,mRNA,696
ycgL,3,2,2,97,24,1,14,36,mRNA,327
ycgM,4,4,5,101,47,6,15,34,mRNA,660
dsbB,5,3,3,14,28,16,24,33,mRNA,531
nhaB,5,6,5,14,66,6,70,80,mRNA,1542
dadA,2,9,17,176,292,16,8,10,mRNA,1299
emtA,3,1,3,46,37,2,16,28,mRNA,612
dhaM,0,26,27,68,610,39,440,695,mRNA,1419
dhaL,1,9,6,30,121,10,169,247,mRNA,633
dhaK,2,12,9,22,209,6,202,282,mRNA,1071
dhaR,1,1,1,17,47,4,14,16,mRNA,1920
ychF,3,16,4,117,162,32,122,179,mRNA,1092
ychH,2,70,17,380,394,19,94,269,mRNA,279
dauA,7,3,1,26,21,4,24,46,mRNA,1680
prs,24,38,17,186,116,134,301,345,mRNA,948
ispE,18,14,6,402,85,12,69,102,mRNA,852
ychA,8,6,2,136,41,3,83,121,mRNA,810
kdsA,10,9,6,316,96,12,156,211,mRNA,855
chaA,1,4,4,29,42,11,24,46,mRNA,1101
ychN,7,9,5,660,100,9,39,60,mRNA,354
narK,9,4,1,6,14,1,1609,1878,mRNA,1392
narG,4,5,2,16,56,2,4852,7069,mRNA,3744
purU,5,9,1,62,39,7,74,97,mRNA,843
galU,9,8,3,235,85,49,154,249,mRNA,909
hns,71,161,27,388,641,392,625,811,mRNA,414
tdk,4,4,1,29,23,1,13,12,mRNA,618
adhE,46,60,32,510,945,58,2096,4275,mRNA,2676
oppA,91,39,29,1135,797,26,772,1161,mRNA,1632
oppB,34,17,4,333,145,14,136,259,mRNA,921
oppC,31,15,6,507,150,11,200,253,mRNA,909
oppD,32,8,5,486,171,4,219,375,mRNA,1014
oppF,33,27,9,421,276,22,194,295,mRNA,1005
yciU,1,3,3,108,33,12,29,51,mRNA,330
clsA,3,10,5,165,61,1,71,61,mRNA,1461
yciI,3,8,5,27,49,6,16,24,mRNA,297
tonB,3,3,1,7,23,2,6,25,mRNA,720
yciA,1,5,1,14,19,6,18,14,mRNA,399
yciB,3,4,1,50,35,2,19,39,mRNA,540
ompW,25,12,2,1509,37,3,32,64,mRNA,639
trpA,4,1,1,11,34,4,10,12,mRNA,807
yciO,9,4,2,181,31,3,19,80,mRNA,621
yciQ,5,4,1,145,38,6,14,23,mRNA,1896
sohB,8,5,3,180,82,4,60,90,mRNA,1050
yciN,2,15,5,154,94,6,53,75,mRNA,252
topA,7,8,11,176,412,35,428,710,mRNA,2598
ymiA,4,1,1,18,6,1,2,10,mRNA,141
ribA,2,13,5,40,57,3,38,92,mRNA,591
pgpB,1,3,2,55,20,1,24,10,mRNA,765
lapA,7,5,3,131,77,13,36,63,mRNA,309
lapB,12,10,1,157,177,9,61,47,mRNA,1170
pyrF,6,3,2,52,20,1,64,64,mRNA,738
yciH,5,2,1,39,23,6,8,15,mRNA,327
yciZ,2,3,1,14,15,2,2,8,mRNA,174
rnb,8,13,5,37,99,19,134,173,mRNA,1935
fabI,17,73,26,281,453,77,515,635,mRNA,789
sapC,0,1,2,21,15,1,14,4,mRNA,891
sapB,1,3,1,16,19,1,12,14,mRNA,966
sapA,5,6,1,19,19,2,26,34,mRNA,1644
pspA,2,2,1,123,27,1,39,38,mRNA,669
pspE,15,5,8,505,59,14,40,82,mRNA,315
tyrR,11,5,5,216,55,10,166,215,mRNA,1542
tpx,19,80,37,144,1195,209,288,351,mRNA,507
mpaA,2,3,2,14,16,1,13,18,mRNA,729
mppA,3,4,2,76,68,4,32,64,mRNA,1614
ynaJ,3,19,13,248,80,40,10,31,mRNA,258
uspE,32,25,4,508,153,17,194,423,mRNA,951
fnr,25,61,11,190,324,25,171,243,mRNA,753
dgcM,1,2,1,12,4,1,2,2,mRNA,1233
zntB,2,1,2,30,18,3,20,24,mRNA,984
ttcA,3,9,1,57,33,2,57,92,mRNA,936
racR,4,16,2,60,59,4,20,58,mRNA,477
uspF,11,9,3,33,80,5,8,46,mRNA,435
ydbK,4,8,2,26,50,4,142,326,mRNA,3525
ldhA,3,8,1,36,98,14,77,166,mRNA,990
hrpA,1,8,2,110,44,6,124,185,mRNA,3903
aldA,1,10,38,135,799,83,13,34,mRNA,1440
cybB,2,4,2,37,49,1,34,49,mRNA,531
hokB,2,3,4,7,29,26,4,16,mRNA,150
mokB,2,3,4,7,28,26,4,12,mRNA,168
ydcH,11,6,3,92,22,2,35,122,mRNA,225
tehB,4,3,1,14,14,2,18,73,mRNA,594
insQ,1,7,4,35,20,9,14,10,mRNA,1209
ydcR,1,3,2,23,26,2,10,8,mRNA,1407
ydcY,1,19,4,112,248,3,39,49,mRNA,234
curA,4,3,2,39,17,1,14,16,mRNA,1038
yncE,2,9,3,25,84,17,6,34,mRNA,1062
maeA,8,12,4,68,211,17,128,219,mRNA,1698
eamA,1,1,2,39,8,1,4,2,mRNA,900
mgtS,1,19,4,198,45,11,24,25,mRNA,96
mgtT,1,18,2,185,34,9,0,0,mRNA,105
dcp,3,4,3,29,57,2,51,92,mRNA,2046
ydfG,10,13,3,132,124,13,55,136,mRNA,747
rspR,3,8,1,31,36,1,19,29,mRNA,687
cspB,10,11,4,425,72,43,159,293,mRNA,216
hokD,1,4,2,42,15,3,11,10,mRNA,156
dicA,1,9,2,27,49,2,13,26,mRNA,408
speG,2,4,6,27,62,6,20,38,mRNA,561
bidA,7,6,0,46,47,1,64,112,mRNA,696
mlc,2,7,13,48,335,11,84,156,mRNA,1221
ynfM,2,1,2,25,13,1,4,8,mRNA,1254
tqsA,3,2,1,17,5,2,6,11,mRNA,1035
pntB,6,7,5,76,221,16,81,105,mRNA,1389
pntA,4,3,1,63,64,5,100,147,mRNA,1533
ydgH,6,6,7,72,131,4,64,120,mRNA,945
rstA,1,5,3,27,61,0,31,3,mRNA,720
rstB,1,9,5,29,76,5,15,4,mRNA,1302
manA,6,2,1,27,66,8,50,128,mRNA,1176
ydgA,13,10,2,102,120,10,94,194,mRNA,1509
uidR,2,7,4,50,52,2,21,51,mRNA,591
malX,1,1,2,10,27,1,26,28,mRNA,1593
malY,1,2,4,16,65,4,16,20,mRNA,1173
add,6,9,9,21,78,43,100,154,mRNA,1002
ydgJ,5,4,1,80,29,5,39,25,mRNA,1041
rsxD,2,11,1,13,25,1,30,40,mRNA,1059
dtpA,5,8,3,61,40,7,464,847,mRNA,1503
pdxY,2,5,3,40,83,12,55,112,mRNA,864
tyrS,8,14,4,168,141,13,266,398,mRNA,1275
anmK,3,1,1,30,20,3,18,40,mRNA,1110
slyB,18,62,14,471,542,30,180,229,mRNA,468
slyA,11,2,5,285,47,13,72,150,mRNA,435
ydhK,1,1,4,10,15,1,11,7,mRNA,2013
sodC,3,2,1,57,36,1,20,25,mRNA,522
ydhF,4,4,2,87,68,2,35,95,mRNA,897
nemA,2,2,1,20,16,3,22,48,mRNA,1098
gloA,4,8,6,53,99,1,38,67,mRNA,408
rnt,1,4,1,16,24,2,38,23,mRNA,648
lhr,2,2,3,14,37,1,43,39,mRNA,4617
grxD,12,27,12,111,201,14,70,152,mRNA,348
sodB,47,28,11,542,262,60,346,553,mRNA,582
purR,2,14,5,113,72,2,62,106,mRNA,1026
punR,1,1,1,22,14,1,8,18,mRNA,933
punC,3,8,4,4,79,4,31,46,mRNA,1212
cfa,4,10,3,60,57,6,44,71,mRNA,1149
ribC,3,7,2,160,66,6,75,143,mRNA,642
ydhQ,16,5,7,50,154,7,76,142,mRNA,1257
ydhR,6,2,3,74,46,2,26,79,mRNA,306
pykF,11,15,5,111,107,34,1037,1865,mRNA,1413
lpp,456,34,116,17133,249,1875,3091,4207,mRNA,237
menI,3,2,1,43,17,1,4,8,mRNA,411
ydiJ,3,2,1,68,31,2,40,46,mRNA,3057
ydiK,3,4,1,33,34,10,16,29,mRNA,1113
ppsA,30,8,1,161,84,7,6,12,mRNA,2379
ppsR,7,2,1,7,16,1,8,6,mRNA,834
aroH,5,2,1,16,25,2,14,32,mRNA,1047
selO,4,3,6,30,47,7,52,38,mRNA,1437
btuD,2,3,0,55,26,3,4,19,mRNA,750
btuC,2,2,2,50,14,1,8,27,mRNA,981
ihfA,33,7,15,491,71,106,163,299,mRNA,300
pheT,37,15,15,521,156,15,755,1096,mRNA,2388
pheS,9,7,1,126,56,2,287,509,mRNA,984
rplT,91,597,170,4510,1372,1853,1130,1287,mRNA,357
rpmI,84,186,58,4356,501,106,1014,1614,mRNA,198
infC,126,141,56,5231,805,255,1718,2447,mRNA,543
thrS,74,15,10,1684,334,7,1338,1923,mRNA,1929
yniA,4,7,3,345,42,3,43,113,mRNA,861
chbB,1,5,2,66,11,2,4,12,mRNA,321
osmE,10,1,3,135,12,4,22,61,mRNA,339
nadE,3,8,4,57,152,3,94,139,mRNA,828
xthA,1,1,3,49,58,10,26,54,mRNA,807
gdhA,3,2,3,49,73,5,34,51,mRNA,1344
topB,13,9,6,276,168,17,190,162,mRNA,1962
selD,12,3,4,256,120,6,193,224,mRNA,1044
ydjA,8,2,2,194,63,2,20,66,mRNA,552
sppA,4,9,2,103,84,8,61,102,mRNA,1857
pncA,3,5,3,25,22,8,28,26,mRNA,642
yeaC,5,16,6,115,113,5,14,47,mRNA,273
msrB,5,18,5,128,84,3,19,59,mRNA,414
gapA,46,194,109,1084,766,1107,7596,11440,mRNA,996
yeaD,3,2,5,10,115,12,158,282,mRNA,885
mipA,5,25,20,53,322,33,218,311,mRNA,747
yeaQ,10,1,2,125,10,1,13,31,mRNA,249
leuE,2,1,1,23,25,2,7,20,mRNA,639
yoaA,2,1,1,46,43,2,39,61,mRNA,1911
yoaB,4,4,5,90,184,3,92,88,mRNA,345
sdaA,5,13,8,117,191,21,61,109,mRNA,1365
yoaE,2,3,3,51,55,2,53,51,mRNA,1557
manX,33,22,9,516,299,17,1167,2380,mRNA,972
manY,51,16,2,431,187,8,642,1239,mRNA,801
manZ,68,29,25,583,544,164,848,1117,mRNA,852
yobD,7,2,1,22,25,2,26,47,mRNA,459
rlmA,2,3,1,34,27,1,33,36,mRNA,810
cspC,96,308,161,8528,4702,2036,300,480,mRNA,210
yobF,90,163,95,8073,4257,481,305,675,mRNA,144
yebO,5,8,6,95,105,7,65,68,mRNA,288
mgrB,3,1,3,68,41,7,17,21,mRNA,144
kdgR,3,11,5,172,59,16,44,124,mRNA,792
htpX,4,2,16,113,126,41,62,116,mRNA,882
prc,15,29,13,418,357,47,246,294,mRNA,2049
proQ,12,20,5,227,291,15,221,395,mRNA,699
msrC,12,6,1,113,66,3,41,74,mRNA,498
yebY,2,4,1,73,54,7,15,76,mRNA,342
yobA,7,4,3,50,42,1,23,55,mRNA,375
yebE,1,1,1,31,15,3,18,33,mRNA,660
yebF,7,1,1,108,48,6,18,22,mRNA,357
eda,8,10,8,149,78,84,136,176,mRNA,642
zwf,8,15,7,78,91,32,306,513,mRNA,1476
yebK,2,7,2,27,47,5,46,89,mRNA,870
pykA,13,20,15,293,222,97,627,1032,mRNA,1443
lpxM,4,1,3,53,55,7,51,105,mRNA,972
mepM,6,10,6,162,126,22,149,187,mRNA,1323
znuA,8,8,6,90,61,6,102,142,mRNA,933
znuB,2,1,1,25,9,1,14,6,mRNA,786
ruvB,2,3,2,54,50,2,40,44,mRNA,1011
ruvC,6,17,4,211,266,24,89,180,mRNA,522
yebC,7,11,4,186,145,9,297,353,mRNA,741
nudB,10,6,0,124,76,4,91,112,mRNA,453
aspS,18,1,2,137,100,5,325,484,mRNA,1773
yecN,4,3,1,30,42,2,7,11,mRNA,396
cutC,2,9,2,99,33,33,48,58,mRNA,747
argS,2,6,4,97,67,4,178,174,mRNA,1734
ftnB,4,2,2,22,28,12,10,32,mRNA,504
ftnA,32,8,3,120,92,1,114,232,mRNA,498
yecA,4,1,2,319,63,4,68,122,mRNA,666
uvrC,7,11,5,230,113,6,123,171,mRNA,1833
uvrY,6,9,5,190,46,7,57,83,mRNA,657
yecF,2,1,1,14,8,10,24,36,mRNA,225
sdiA,2,4,1,30,45,2,8,20,mRNA,723
yedD,4,6,1,136,88,19,26,36,mRNA,414
dgcQ,3,1,1,32,22,1,12,17,mRNA,1695
yodC,3,1,1,99,9,2,7,5,mRNA,183
yedI,4,1,1,119,13,0,22,41,mRNA,918
yedJ,8,1,2,50,9,2,16,17,mRNA,696
shiA,2,3,2,65,40,2,7,22,mRNA,1317
yeeN,6,5,3,129,54,27,149,301,mRNA,717
ldtA,3,2,2,23,23,5,22,25,mRNA,933
cobT,4,4,1,39,26,3,6,14,mRNA,1080
insD3,2,1,2,31,18,2,8,20,mRNA,906
insC3,1,1,1,26,12,0,4,12,mRNA,366
tmaR,10,29,11,151,305,20,184,258,mRNA,330
yoeJ,3,2,1,57,14,2,12,31,mRNA,51
sbcB,1,7,1,42,41,1,38,68,mRNA,1428
plaP,4,16,5,50,40,9,175,202,mRNA,1359
yeeZ,9,9,3,148,87,2,69,77,mRNA,825
yoeB,4,6,2,14,29,1,15,21,mRNA,255
yefM,4,3,1,17,44,1,9,24,mRNA,252
wzzB,9,17,6,380,127,26,146,280,mRNA,981
gnd,12,43,8,256,279,27,805,1418,mRNA,1407
insH7,1,6,2,44,83,2,44,33,mRNA,981
wbbK,3,11,2,57,55,4,69,170,mRNA,1119
wbbJ,1,1,3,66,42,7,48,95,mRNA,591
wbbI,2,9,6,133,54,8,43,206,mRNA,993
wbbH,2,12,1,185,34,6,73,131,mRNA,1167
glf,1,12,5,196,50,3,108,247,mRNA,1104
rfbX,3,8,3,120,44,8,21,98,mRNA,1248
rfbC,5,8,4,82,49,3,32,42,mRNA,558
rfbA,6,7,1,131,64,2,48,157,mRNA,882
rfbD,13,6,1,116,61,0,66,123,mRNA,900
rfbB,12,7,5,175,53,3,121,196,mRNA,1086
galF,13,24,5,371,225,17,240,305,mRNA,894
asmA,3,9,4,230,118,6,46,87,mRNA,1854
dcd,6,4,1,227,54,4,67,78,mRNA,582
dgcE,6,6,2,42,30,1,23,14,mRNA,3318
gatD,126,15,51,421,1385,101,587,1093,mRNA,1041
gatB,145,15,9,767,212,10,362,851,mRNA,285
gatA,125,26,17,500,461,20,560,1271,mRNA,453
gatZ,173,60,30,1283,1261,34,1890,3075,mRNA,1263
gatY,126,97,47,2543,1053,58,1632,2102,mRNA,855
yegW,2,1,1,13,19,2,2,10,mRNA,747
rcnB,2,5,2,40,67,9,18,32,mRNA,339
mrp,20,24,9,176,131,39,304,376,mRNA,1110
metG,6,7,3,70,149,12,155,254,mRNA,2034
yehS,4,5,3,34,44,3,49,68,mRNA,471
btsS,3,9,5,57,58,8,56,58,mRNA,1686
osmF,2,2,1,9,10,1,2,2,mRNA,918
bglX,8,4,1,48,63,2,52,61,mRNA,2298
dld,4,2,5,150,54,6,38,79,mRNA,1716
yohD,4,2,1,14,18,1,7,20,mRNA,579
cdd,4,28,19,62,394,52,225,275,mRNA,885
mglB,2,10,20,48,1057,52,8,8,mRNA,999
yeiB,6,7,4,26,91,12,8,18,mRNA,1158
folE,17,12,7,31,112,5,32,53,mRNA,669
lysP,2,8,2,35,37,8,100,92,mRNA,1470
yeiE,5,3,3,52,47,4,35,54,mRNA,882
nfo,1,1,1,18,21,1,27,68,mRNA,858
yeiI,0,2,3,22,42,2,15,39,mRNA,1089
yeiP,1,4,1,37,13,21,58,112,mRNA,573
mepS,16,60,40,487,344,160,238,348,mRNA,567
pdeN,2,3,3,35,19,4,9,11,mRNA,1557
yejA,4,2,1,37,31,4,23,28,mRNA,1815
bcr,3,1,2,58,33,6,39,44,mRNA,1191
rsuA,2,1,3,27,34,4,58,53,mRNA,696
rplY,15,67,10,120,103,119,478,503,mRNA,285
yejL,5,5,1,17,29,2,35,52,mRNA,228
lapC,4,13,2,109,98,9,57,71,mRNA,1761
insH8,2,3,4,20,59,3,32,38,mRNA,981
narP,4,4,2,204,65,8,62,68,mRNA,648
ccmC,3,2,1,62,1,2,49,46,mRNA,738
ccmA,1,1,1,108,21,1,74,137,mRNA,624
eco,8,4,5,44,73,5,48,98,mRNA,489
ompC,303,636,167,9579,1242,1355,8764,9590,mRNA,1104
rcsD,10,15,3,456,137,3,136,168,mRNA,2673
rcsB,15,9,13,525,245,17,154,271,mRNA,651
rcsC,6,3,4,100,50,1,85,75,mRNA,2850
gyrA,22,24,18,571,312,71,753,1012,mRNA,2628
nrdA,12,6,9,124,139,7,232,290,mRNA,2286
nrdB,4,14,2,156,88,8,56,120,mRNA,1131
yfaE,2,19,3,107,82,14,16,18,mRNA,255
glpQ,4,20,59,1920,2247,279,588,1096,mRNA,1077
glpT,3,46,25,1105,731,36,802,1275,mRNA,1359
yfaY,7,6,1,63,64,10,70,88,mRNA,1203
pmrD,1,5,1,74,34,5,10,34,mRNA,267
menE,3,3,1,144,26,4,102,179,mRNA,1356
menF,5,4,1,31,29,2,76,62,mRNA,1296
nuoN,8,16,9,243,199,120,105,96,mRNA,1458
nuoM,12,15,8,79,176,14,84,138,mRNA,1530
nuoL,15,11,17,243,335,32,174,225,mRNA,1842
nuoK,4,3,1,74,89,7,21,36,mRNA,303
nuoJ,4,2,3,88,111,6,90,106,mRNA,555
nuoI,5,4,8,70,134,9,77,130,mRNA,543
nuoH,9,12,13,155,280,23,99,188,mRNA,978
nuoG,22,29,16,306,536,47,391,611,mRNA,2727
nuoF,20,10,12,171,365,20,226,365,mRNA,1338
nuoE,19,4,10,146,184,3,120,180,mRNA,501
nuoC,23,18,24,162,456,20,390,556,mRNA,1791
nuoB,18,24,15,220,282,13,184,258,mRNA,663
nuoA,14,14,11,188,165,4,74,167,mRNA,444
lrhA,4,4,3,64,21,17,31,42,mRNA,939
alaA,1,4,1,13,42,2,68,96,mRNA,1218
yfbS,18,6,5,145,29,9,42,116,mRNA,1833
hxpA,5,8,4,105,62,44,87,107,mRNA,651
yfbU,4,4,3,56,27,2,81,110,mRNA,495
yfbV,3,1,1,23,5,1,14,25,mRNA,456
ackA,14,62,6,72,261,41,1098,1535,mRNA,1203
pta,24,47,10,117,123,120,998,1295,mRNA,2145
yfcD,4,2,1,65,90,8,28,54,mRNA,543
folX,1,5,4,26,64,1,19,22,mRNA,363
yfcH,2,13,5,45,154,11,30,67,mRNA,894
purF,5,4,1,114,17,2,17,36,mRNA,1518
dedD,1,5,6,180,94,15,48,42,mRNA,663
folC,2,4,1,172,34,4,86,109,mRNA,1269
accD,15,32,9,349,250,92,329,331,mRNA,915
truA,7,1,3,126,56,9,47,58,mRNA,813
fabB,75,125,100,698,1553,399,1653,1799,mRNA,1221
epmC,2,3,2,46,23,0,27,39,mRNA,549
aroC,6,6,3,85,121,0,88,100,mRNA,1086
prmB,7,6,3,71,52,1,105,113,mRNA,933
sixA,2,3,2,78,52,18,42,34,mRNA,486
fadJ,1,2,2,111,50,7,22,28,mRNA,2145
yfcZ,48,23,3,549,72,100,225,316,mRNA,285
fadL,4,24,2,51,82,30,144,196,mRNA,1341
mlaA,9,11,6,113,64,35,79,107,mRNA,756
yfdG,4,5,4,47,17,3,23,46,mRNA,363
yfdH,4,9,2,97,72,7,93,234,mRNA,921
yodE,2,13,5,81,97,5,20,42,mRNA,147
evgL,16,6,1,194,5,2,9,37,mRNA,30
evgA,16,8,2,212,28,4,30,64,mRNA,615
yfdY,2,6,2,53,36,4,13,22,mRNA,243
lpxP,1,2,1,28,27,4,49,67,mRNA,921
alaC,3,2,2,40,67,9,32,27,mRNA,1239
glk,1,8,8,93,166,27,164,305,mRNA,966
mntH,3,7,4,45,56,5,18,11,mRNA,1239
ypeD,0,1,0,10,15,1,6,5,mRNA,90
nupC,4,9,12,12,147,7,121,227,mRNA,1203
insL3,0,11,12,15,202,13,66,108,mRNA,1113
pdeA,3,1,2,46,23,1,33,38,mRNA,2190
yfeC,9,8,2,100,44,1,29,57,mRNA,345
yfeD,8,7,1,75,35,1,16,23,mRNA,393
gltX,6,8,6,178,53,33,297,484,mRNA,1416
yfeH,2,4,1,17,21,3,22,49,mRNA,999
ligA,1,2,2,78,27,5,90,92,mRNA,2016
zipA,17,27,9,430,164,33,141,180,mRNA,987
cysK,15,11,7,152,84,38,136,212,mRNA,972
ptsH,27,27,13,775,272,11,921,1833,mRNA,258
ptsI,58,44,28,1987,808,66,3838,6132,mRNA,1728
crr,53,20,20,1408,226,218,1046,1874,mRNA,510
pdxK,7,1,1,27,34,16,51,72,mRNA,852
ucpA,13,23,15,1320,354,31,268,483,mRNA,792
yfeX,19,10,5,202,86,23,421,662,mRNA,900
yfeY,3,5,4,33,72,3,59,85,mRNA,576
yfeZ,2,0,1,17,28,2,10,21,mRNA,450
hemF,11,2,1,28,41,2,22,14,mRNA,900
intZ,4,4,1,32,37,3,38,52,mRNA,1209
maeB,13,12,13,134,300,54,54,102,mRNA,2280
ypfM,2,46,8,317,36,77,121,386,mRNA,60
dapE,7,6,1,108,53,6,42,46,mRNA,1128
ypfN,5,2,5,67,52,12,18,16,mRNA,201
ypfH,1,1,1,83,30,3,12,32,mRNA,699
tmcA,2,6,3,85,55,8,60,48,mRNA,2016
bamC,23,23,11,382,243,139,269,390,mRNA,1035
dapA,16,13,5,312,165,16,348,344,mRNA,879
gcvR,6,3,5,27,64,3,37,61,mRNA,573
bcp,9,13,21,63,350,9,190,202,mRNA,471
bepA,4,3,2,37,66,1,63,72,mRNA,1464
yfgD,1,5,3,40,103,20,78,113,mRNA,360
hda,2,3,1,63,38,5,31,45,mRNA,702
upp,4,9,2,43,28,13,239,290,mRNA,627
ppk,5,9,3,70,118,3,83,115,mRNA,2067
ppx,4,3,2,60,65,2,45,65,mRNA,1542
guaA,11,10,5,102,50,27,433,561,mRNA,1578
guaB,3,3,1,89,42,10,243,274,mRNA,1467
yfgJ,4,12,1,54,35,3,10,18,mRNA,216
der,8,11,3,147,125,6,158,299,mRNA,1473
bamB,16,20,11,460,302,65,218,352,mRNA,1179
yfgM,12,2,2,275,98,6,102,181,mRNA,621
hisS,16,8,5,391,145,9,327,377,mRNA,1275
ispG,16,17,7,273,169,39,228,258,mRNA,1119
rodZ,15,17,9,202,144,1,129,209,mRNA,1014
rlmN,5,4,3,132,39,11,87,101,mRNA,1155
yfhM,5,10,4,198,114,10,100,164,mRNA,4962
sseA,6,4,1,81,41,32,99,189,mRNA,846
timP,2,5,2,72,27,44,3,11,mRNA,126
sseB,2,3,3,21,74,4,39,67,mRNA,777
pepB,3,2,2,36,65,3,92,79,mRNA,1284
iscX,2,9,1,46,87,15,24,50,mRNA,201
fdx,2,5,1,71,61,5,48,65,mRNA,336
hscA,2,8,8,171,106,12,159,122,mRNA,1851
hscB,1,8,1,45,31,2,31,33,mRNA,516
iscA,7,17,5,291,262,37,56,87,mRNA,324
iscU,6,5,2,291,112,3,62,156,mRNA,387
iscS,7,9,2,277,100,8,218,293,mRNA,1215
trmJ,17,11,5,343,116,13,113,206,mRNA,741
suhB,10,20,3,67,44,6,96,108,mRNA,804
hcaR,1,2,3,33,59,5,6,4,mRNA,891
glyA,16,21,12,334,380,80,296,438,mRNA,1254
glnB,6,10,2,136,67,7,24,17,mRNA,339
glrR,2,1,1,46,21,1,24,22,mRNA,1335
glrK,6,4,1,62,37,3,39,23,mRNA,1428
purL,3,4,1,187,20,7,63,59,mRNA,3888
tadA,3,3,0,44,27,3,31,22,mRNA,504
pgpC,4,2,1,36,27,4,25,24,mRNA,636
pdxJ,4,0,1,111,24,1,68,120,mRNA,732
recO,2,5,2,143,67,5,39,56,mRNA,729
era,7,6,6,202,103,11,180,245,mRNA,906
rnc,8,2,1,140,39,6,139,191,mRNA,681
lepB,9,11,7,166,150,23,144,228,mRNA,975
lepA,10,14,3,136,135,6,334,504,mRNA,1800
rseC,3,3,2,33,82,9,60,72,mRNA,480
rseB,7,16,10,239,321,22,279,291,mRNA,957
rseA,15,23,11,472,416,23,414,533,mRNA,651
rpoE,11,20,2,595,222,12,449,463,mRNA,576
rseD,3,3,1,281,35,4,68,70,mRNA,156
srmB,2,7,1,41,75,6,85,127,mRNA,1335
grcA,230,31,10,2536,108,83,1201,1482,mRNA,384
ung,2,4,2,70,63,4,42,71,mRNA,690
yfiF,10,7,2,210,81,2,155,219,mRNA,1038
tapT,4,2,1,6,11,1,12,12,mRNA,699
patZ,3,8,6,141,83,5,75,85,mRNA,2661
pssA,11,12,9,154,134,12,177,216,mRNA,1356
kgtP,24,41,34,466,495,83,149,282,mRNA,1299
clpB,8,19,37,214,817,226,832,1550,mRNA,2574
yfiH,4,10,5,85,45,3,40,52,mRNA,732
rluD,4,4,1,86,23,1,66,134,mRNA,981
bamD,6,11,5,159,108,13,195,312,mRNA,738
raiA,63,254,114,2912,1965,417,1359,3426,mRNA,342
pheA,1,8,7,64,103,13,80,135,mRNA,1161
tyrA,1,1,2,56,36,6,46,59,mRNA,1122
dgcN,2,2,1,23,15,1,29,23,mRNA,1227
rplS,39,235,42,2056,417,456,478,628,mRNA,348
trmD,49,52,14,1887,318,23,1435,1973,mRNA,768
rimM,38,18,4,1436,130,22,1349,1759,mRNA,549
rpsP,31,14,3,1124,62,6,603,741,mRNA,249
ffh,18,13,5,371,160,13,273,339,mRNA,1362
ypjD,3,7,2,10,26,1,26,35,mRNA,792
yfjD,2,10,3,39,46,3,57,39,mRNA,1287
grpE,6,20,90,233,915,407,516,846,mRNA,594
nadK,2,2,1,24,32,1,33,26,mRNA,879
bamE,2,18,9,123,44,38,94,135,mRNA,342
yfjF,5,4,2,62,24,7,12,33,mRNA,291
ratA,8,3,2,72,36,4,22,36,mRNA,477
smpB,10,13,3,44,113,1,72,142,mRNA,483
abpA,3,2,2,28,19,1,74,84,mRNA,1617
rnlA,9,5,2,156,47,3,105,184,mRNA,1074
rnlB,8,4,2,108,55,6,24,43,mRNA,372
kbp,7,1,2,20,23,1,17,23,mRNA,450
ygaP,2,1,1,18,15,1,14,6,mRNA,525
proV,12,12,11,615,280,25,154,343,mRNA,1203
proW,7,13,21,434,316,38,79,130,mRNA,1065
proX,7,9,14,318,346,16,114,314,mRNA,993
ygaZ,4,6,2,57,49,4,31,45,mRNA,738
mprA,1,11,3,32,128,6,64,105,mRNA,531
emrB,4,4,1,50,25,13,22,28,mRNA,1539
luxS,16,16,5,227,209,13,99,198,mRNA,516
gshA,8,4,4,113,122,9,215,324,mRNA,1557
yqaA,4,3,3,71,23,2,33,55,mRNA,429
yqaB,4,2,1,68,19,2,50,48,mRNA,567
csrA,19,40,18,1049,446,35,240,368,mRNA,186
alaS,25,23,14,778,354,19,957,1286,mRNA,2631
recA,17,24,9,350,252,18,252,394,mRNA,1062
mltB,2,1,1,7,14,3,27,27,mRNA,1086
srlA,13,17,5,34,156,8,7,90,mRNA,564
srlE,32,6,6,171,138,3,16,88,mRNA,960
srlB,43,2,5,1080,73,4,10,40,mRNA,372
srlD,73,6,16,3281,611,46,15,97,mRNA,780
gutQ,3,5,2,75,103,5,66,73,mRNA,966
hypB,9,2,2,32,15,1,178,229,mRNA,873
hypE,22,4,1,153,17,2,173,247,mRNA,1011
mutS,3,6,4,34,56,11,108,181,mRNA,2562
rpoS,34,12,13,485,314,208,159,199,mRNA,993
nlpD,34,20,16,634,269,10,194,298,mRNA,1140
pcm,5,4,3,141,57,5,26,51,mRNA,627
umpG,6,3,1,193,69,4,90,106,mRNA,762
truD,8,3,3,231,63,8,96,157,mRNA,1050
ispD,4,3,1,117,32,2,64,66,mRNA,711
ftsB,4,2,3,135,51,5,52,62,mRNA,312
ygcN,2,2,1,39,29,2,29,21,mRNA,1272
queE,3,6,4,139,61,5,56,78,mRNA,672
eno,37,42,15,1198,135,311,2116,3316,mRNA,1299
pyrG,24,22,6,283,137,11,579,851,mRNA,1638
relA,12,8,4,215,163,6,97,153,mRNA,2235
rlmD,5,5,3,89,42,1,45,67,mRNA,1302
yqcA,4,6,1,193,59,19,28,53,mRNA,450
ppnN,29,24,9,138,286,22,209,427,mRNA,1365
sdaB,2,82,26,48,613,43,254,310,mRNA,1368
ygdG,2,6,3,25,29,1,16,27,mRNA,756
fucO,4,1,1,36,44,2,7,9,mRNA,1149
fucK,2,1,1,16,21,1,8,2,mRNA,1419
csdA,3,3,1,78,29,2,56,58,mRNA,1206
tcdA,3,2,5,53,37,6,10,51,mRNA,807
mltA,3,3,3,60,40,6,58,67,mRNA,1098
amiC,6,4,5,53,69,7,36,24,mRNA,1254
recD,3,2,2,62,37,3,36,90,mRNA,1827
recB,3,6,4,100,61,10,169,206,mRNA,3543
ptrA,3,4,5,85,76,6,157,262,mRNA,2889
recC,1,5,1,80,83,9,124,170,mRNA,3369
thyA,8,4,1,72,91,3,87,145,mRNA,795
ptsP,17,11,12,297,224,6,194,223,mRNA,2247
rppH,17,9,5,282,137,2,73,114,mRNA,531
ygdQ,1,6,2,33,13,1,20,22,mRNA,714
ygdR,1,4,2,47,74,11,14,20,mRNA,219
tas,9,6,4,76,56,32,91,104,mRNA,1041
lplT,1,3,1,57,50,6,20,25,mRNA,1194
aas,3,3,4,66,57,2,58,75,mRNA,2160
galR,2,8,2,45,50,7,34,40,mRNA,1032
yqeG,1,9,3,14,31,3,30,65,mRNA,1230
actS,4,2,3,79,38,6,18,38,mRNA,756
ygeV,5,6,3,73,69,8,61,80,mRNA,1779
ghxQ,3,1,1,9,9,3,2,8,mRNA,1368
idi,1,3,1,9,18,1,17,29,mRNA,549
lysS,12,22,7,148,126,102,415,576,mRNA,1518
prfB,10,5,1,81,68,7,323,432,mRNA,1099
recJ,5,7,6,152,119,11,139,205,mRNA,1734
dsbC,3,3,1,116,47,1,77,126,mRNA,711
xerD,1,3,1,71,29,5,58,98,mRNA,897
fldB,12,11,6,126,70,7,65,70,mRNA,522
ygfX,3,13,6,167,71,16,20,42,mRNA,408
sdhE,3,10,1,167,61,5,44,77,mRNA,267
ygfZ,8,5,2,109,157,17,143,198,mRNA,981
yqfA,10,15,6,329,178,12,55,74,mRNA,660
yqfB,1,6,3,37,27,1,17,32,mRNA,312
bglA,3,7,1,87,126,19,146,269,mRNA,1440
gcvP,25,8,20,749,443,74,91,120,mRNA,2874
gcvH,26,4,8,1603,318,21,32,54,mRNA,390
gcvT,14,16,13,642,217,16,53,83,mRNA,1095
ubiI,8,9,8,85,69,5,55,86,mRNA,1203
ubiH,13,8,4,174,100,8,103,106,mRNA,1179
pepP,18,5,3,163,91,5,228,322,mRNA,1326
ygfB,5,3,1,90,46,4,138,195,mRNA,579
zapA,20,24,10,835,219,7,141,215,mRNA,330
fau,1,3,1,38,30,3,25,32,mRNA,549
serA,9,5,4,229,126,4,14,25,mRNA,1233
rpiA,8,16,4,213,186,49,186,258,mRNA,660
argP,3,10,4,50,72,1,36,44,mRNA,894
yggE,5,7,3,40,134,10,32,78,mRNA,741
argO,1,1,1,11,9,1,8,8,mRNA,636
mscS,6,5,4,103,41,4,61,115,mRNA,861
fbaA,39,45,27,799,686,215,2130,3828,mRNA,1080
pgk,30,19,30,323,447,49,2481,4005,mRNA,1164
epd,13,26,12,200,244,15,454,688,mRNA,1020
tktA,7,24,13,83,162,287,653,993,mRNA,1992
loiP,1,2,5,48,37,6,38,40,mRNA,759
speB,1,9,4,90,51,7,91,95,mRNA,921
speA,11,17,5,172,71,31,257,348,mRNA,1977
yqgG,4,4,1,63,19,0,28,57,mRNA,144
metK,6,24,2,21,55,20,46,112,mRNA,1155
galP,1,32,14,44,230,11,198,366,mRNA,1395
gshB,7,6,3,48,75,6,150,166,mRNA,951
yqgE,6,2,2,54,45,2,52,79,mRNA,564
yqgF,4,2,2,33,61,7,32,37,mRNA,417
yggT,5,3,2,31,39,2,28,33,mRNA,567
yggU,4,4,2,20,32,1,3,14,mRNA,291
rdgB,6,4,0,24,42,3,32,48,mRNA,594
hemW,7,6,4,49,81,10,44,77,mRNA,1137
yggN,8,0,1,40,44,3,71,116,mRNA,720
yggL,11,4,3,269,93,7,61,132,mRNA,327
mutY,2,1,2,33,40,5,57,86,mRNA,1053
yggX,2,5,3,34,110,4,41,53,mRNA,276
glcB,3,1,1,18,21,1,10,21,mRNA,2172
insH9,4,5,2,22,58,1,49,49,mRNA,981
hybE,12,1,1,357,34,3,48,82,mRNA,489
yqhA,3,11,5,36,61,9,26,41,mRNA,495
exbD,4,22,8,91,105,4,39,41,mRNA,426
exbB,5,20,9,105,130,8,96,132,mRNA,735
yghB,6,6,2,41,39,6,32,43,mRNA,660
yqhD,10,6,3,11,53,3,108,151,mRNA,1164
dkgA,6,1,2,16,31,1,28,52,mRNA,828
ftsP,7,8,2,53,87,11,43,72,mRNA,1413
plsC,5,4,1,33,30,1,23,47,mRNA,738
parC,6,8,10,156,100,14,186,244,mRNA,2259
mqsA,1,3,2,42,26,1,12,7,mRNA,396
mqsR,0,2,1,41,11,1,6,8,mRNA,297
mdaB,1,3,1,11,26,2,17,55,mRNA,582
ygiN,9,17,5,360,231,46,74,94,mRNA,315
parE,5,8,1,178,105,7,170,267,mRNA,1893
tolC,20,35,21,166,376,64,393,554,mRNA,1482
ygiB,7,4,4,119,61,3,92,144,mRNA,672
ygiC,8,14,17,142,264,17,126,216,mRNA,1161
zupT,4,4,2,74,60,5,28,47,mRNA,774
ribB,10,12,9,228,152,39,189,253,mRNA,654
ubiK,4,4,3,30,69,5,42,78,mRNA,291
hldE,7,5,4,152,107,12,117,164,mRNA,1434
glnE,4,5,3,93,74,2,92,83,mRNA,2841
ygiF,3,3,2,68,28,1,57,66,mRNA,1302
ygiM,2,3,6,25,72,8,206,268,mRNA,621
cca,4,10,11,102,160,25,107,169,mRNA,1239
bacA,3,2,3,56,45,6,41,43,mRNA,822
tsaD,1,5,3,72,31,5,57,78,mRNA,1014
rpsU,32,117,31,1835,539,315,630,747,mRNA,216
dnaG,12,14,3,181,123,7,214,234,mRNA,1746
rpoD,10,24,10,149,251,58,410,668,mRNA,1842
mug,4,3,1,51,10,3,16,27,mRNA,507
nfeF,1,3,1,1,16,3,2,14,mRNA,765
rlmG,2,4,2,31,8,1,63,66,mRNA,1137
ygjR,5,9,3,74,61,4,62,110,mRNA,987
sstT,2,6,1,25,47,6,44,30,mRNA,1245
uxaA,3,1,2,40,57,8,22,26,mRNA,1488
exuR,6,11,4,117,88,2,53,68,mRNA,777
yqiM,2,3,1,21,11,1,19,30,mRNA,84
yqjA,3,3,3,83,49,2,24,49,mRNA,663
mzrA,3,5,3,86,31,2,14,13,mRNA,384
yqjE,33,4,4,327,78,4,33,45,mRNA,405
yqjK,31,7,5,301,122,13,19,27,mRNA,300
yhaH,5,3,3,45,56,2,14,12,mRNA,366
yhaJ,1,4,2,48,72,6,38,54,mRNA,897
cyuA,3,1,6,84,98,18,173,98,mRNA,1311
tdcD,89,4,3,895,33,2,102,126,mRNA,1209
tdcC,75,3,2,791,31,1,175,214,mRNA,1332
tdcA,6,14,4,408,35,3,134,513,mRNA,939
yhaV,6,4,3,51,28,1,11,30,mRNA,465
agaR,2,12,2,144,176,5,44,44,mRNA,810
rsmI,1,2,1,17,18,1,21,23,mRNA,861
lpoA,7,7,7,79,87,7,57,75,mRNA,2037
yraN,4,5,1,57,44,5,23,22,mRNA,396
diaA,6,4,4,106,74,2,80,87,mRNA,591
dolP,4,7,8,123,123,12,70,75,mRNA,576
yhbS,18,20,6,637,187,30,115,150,mRNA,504
ubiT,23,8,6,566,86,9,218,302,mRNA,525
deaD,33,10,4,688,70,27,852,1055,mRNA,1890
nlpI,36,68,19,1226,505,43,674,1017,mRNA,885
pnp,37,30,14,718,364,93,1146,1604,mRNA,2136
rpsO,36,185,49,2181,314,399,806,1264,mRNA,270
truB,5,9,2,316,75,3,90,129,mRNA,945
rbfA,7,5,3,268,41,1,39,116,mRNA,402
infB,23,46,19,786,187,100,1221,1657,mRNA,2673
nusA,18,5,2,442,134,3,672,1065,mRNA,1488
secG,42,47,21,460,378,148,394,513,mRNA,333
glmM,11,16,11,243,171,42,271,347,mRNA,1338
folP,5,3,2,88,14,2,54,94,mRNA,849
ftsH,40,16,36,643,721,239,1066,1585,mRNA,1935
rlmE,23,10,27,360,368,16,294,468,mRNA,630
yhbY,7,21,6,75,22,50,113,201,mRNA,294
greA,6,7,1,297,63,10,100,157,mRNA,477
dacB,2,4,1,29,47,2,28,45,mRNA,1434
obgE,13,8,1,294,46,13,177,235,mRNA,1173
yhbE,10,9,1,285,35,7,120,172,mRNA,966
rpmA,42,89,50,2197,320,548,752,730,mRNA,258
rplU,49,25,27,2128,258,46,1401,1376,mRNA,312
ispB,5,12,4,105,117,4,89,159,mRNA,972
murA,10,10,12,165,244,17,209,271,mRNA,1260
mlaB,8,11,7,115,124,27,56,71,mRNA,294
mlaC,9,4,7,116,99,8,127,142,mRNA,636
mlaD,11,4,4,91,45,4,78,110,mRNA,552
mlaE,9,6,7,176,116,7,36,75,mRNA,783
mlaF,6,7,3,245,99,5,92,112,mRNA,810
yrbG,4,5,3,75,34,2,42,48,mRNA,978
kdsD,4,13,1,113,51,2,77,115,mRNA,987
kdsC,5,1,6,82,52,1,48,70,mRNA,567
lptB,3,3,5,129,72,1,86,144,mRNA,726
rpoN,18,9,3,458,149,4,293,367,mRNA,1434
hpf,11,7,3,288,57,1,92,115,mRNA,288
ptsN,11,4,10,186,73,1,114,104,mRNA,492
rapZ,7,5,10,114,132,5,100,126,mRNA,855
npr,2,3,3,56,60,7,14,11,mRNA,273
yrbL,22,42,21,364,327,33,199,249,mRNA,633
mtgA,3,3,2,69,107,9,38,52,mRNA,729
elbB,3,4,3,100,90,5,50,69,mRNA,654
arcB,9,6,5,176,104,5,168,259,mRNA,2337
gltB,8,3,1,60,78,3,104,86,mRNA,4461
gltD,4,2,2,56,51,5,39,35,mRNA,1419
insH10,4,2,2,23,67,2,45,22,mRNA,981
yhcF,1,2,1,7,3,1,4,11,mRNA,717
nanK,1,0,5,23,194,12,2,15,mRNA,876
nanT,1,7,20,19,307,18,18,2,mRNA,1491
nanR,2,12,4,65,70,4,28,65,mRNA,792
sspB,19,36,13,333,218,82,156,221,mRNA,498
sspA,19,11,3,312,104,3,333,455,mRNA,639
rpsI,44,137,35,1166,173,853,1136,1275,mRNA,393
rplM,34,53,14,1049,142,29,1461,2244,mRNA,429
zapG,17,17,16,298,237,4,128,195,mRNA,399
mdh,43,14,26,216,368,319,98,201,mRNA,939
argR,4,7,2,114,55,25,44,62,mRNA,471
yhcN,2,5,1,5,16,3,26,33,mRNA,264
aaeR,2,4,1,23,25,5,30,21,mRNA,930
tldD,13,8,7,476,171,14,217,240,mRNA,1446
yhdP,5,9,6,142,125,14,104,139,mRNA,3801
rng,4,9,4,180,214,9,98,131,mRNA,1470
yhdE,3,5,1,87,67,3,38,49,mRNA,594
mreD,9,5,7,93,57,12,41,60,mRNA,489
mreC,9,16,8,127,160,20,151,167,mRNA,1104
mreB,14,18,10,166,226,26,361,478,mRNA,1044
csrD,2,6,2,71,61,7,49,58,mRNA,1941
accB,4,7,6,223,99,5,225,308,mRNA,471
accC,9,50,16,359,184,175,474,572,mRNA,1350
panF,0,1,2,17,11,2,17,36,mRNA,1452
prmA,2,1,1,39,17,10,40,87,mRNA,882
dusB,21,23,7,320,83,7,450,515,mRNA,966
fis,9,22,4,233,69,4,182,250,mRNA,297
yrdA,4,11,11,105,126,7,74,136,mRNA,555
yrdB,8,3,6,112,41,3,24,31,mRNA,258
aroE,8,2,4,154,48,5,80,110,mRNA,819
tsaC,7,3,3,83,39,1,88,77,mRNA,573
yrdD,9,23,5,297,149,9,88,119,mRNA,543
smg,10,17,4,324,235,10,110,168,mRNA,474
smf,8,11,2,284,143,10,62,89,mRNA,1125
def,18,7,3,204,102,5,80,212,mRNA,510
fmt,7,13,1,214,129,6,133,147,mRNA,948
rsmB,2,2,0,105,35,1,62,98,mRNA,1290
trkA,3,6,1,107,47,8,54,80,mRNA,1377
mscL,6,5,4,83,86,6,56,93,mRNA,411
rplQ,48,158,67,2373,194,963,932,928,mRNA,384
rpoA,78,148,53,4311,688,100,3301,3612,mRNA,990
rpsD,56,51,13,3882,420,31,2444,3006,mRNA,621
rpsK,52,29,12,3556,378,19,1473,1823,mRNA,390
rpsM,62,52,16,3596,335,30,1558,1707,mRNA,357
rpmJ,46,282,76,3739,1226,334,451,632,mRNA,117
secY,88,564,130,5596,1659,368,2836,3492,mRNA,1332
rplO,50,89,27,2730,523,35,1512,1664,mRNA,435
rpmD,50,27,5,2281,221,9,443,608,mRNA,180
rpsE,59,39,18,2208,269,23,788,1185,mRNA,504
rplR,65,31,18,1871,236,18,694,902,mRNA,354
rplF,110,49,23,2053,361,25,1235,1643,mRNA,534
rpsH,119,41,12,1992,378,18,921,1383,mRNA,393
rpsN,127,43,10,2068,340,22,1144,1643,mRNA,306
rplE,136,70,21,2912,577,42,1674,2379,mRNA,540
rplX,124,50,16,2948,597,39,1096,1802,mRNA,315
rplN,116,66,17,2971,520,56,1438,1848,mRNA,372
rpsQ,22,497,136,2705,792,2596,1049,1141,mRNA,255
rpmC,21,152,66,2620,465,574,1014,1068,mRNA,192
rplP,21,60,33,2617,480,72,1541,1609,mRNA,411
rpsC,25,42,16,2368,316,22,2685,2585,mRNA,702
rplV,21,22,7,1379,114,7,1682,1556,mRNA,333
rpsS,20,28,4,1426,170,7,1292,1576,mRNA,279
rplB,39,28,8,1568,215,20,2328,2508,mRNA,822
rplW,34,19,10,1332,108,7,1190,1323,mRNA,303
rplD,45,31,9,1805,227,14,1603,1594,mRNA,606
rplC,44,24,11,2035,235,20,2244,2356,mRNA,630
rpsJ,32,17,9,1576,110,13,1113,1245,mRNA,312
bfr,9,5,4,73,48,6,9,18,mRNA,477
bfd,2,2,1,4,20,3,7,12,mRNA,195
chiA,1,1,1,13,17,4,16,14,mRNA,2694
tufA,88,796,304,2424,3076,4000,8852,11498,mRNA,1185
fusA,81,134,39,2450,880,132,9004,11670,mRNA,2115
rpsG,56,50,15,1726,237,22,1428,2269,mRNA,540
rpsL,52,43,12,1546,170,21,980,1262,mRNA,375
fkpA,12,7,11,278,191,105,568,943,mRNA,813
slyD,24,28,16,501,191,302,883,906,mRNA,591
kefB,1,3,2,88,45,2,13,17,mRNA,1806
yheS,5,4,1,36,55,2,84,118,mRNA,1914
prkB,4,0,2,26,50,2,28,34,mRNA,870
yhfA,5,7,5,158,90,1,54,90,mRNA,405
crp,45,72,18,854,603,40,369,642,mRNA,633
yhfK,11,21,8,129,163,12,63,64,mRNA,2103
ppiA,4,8,3,32,106,8,68,109,mRNA,573
nirB,2,10,2,11,47,3,3436,4478,mRNA,2544
frlR,5,3,0,7,31,1,10,16,mRNA,732
trpS,5,17,6,234,108,48,170,210,mRNA,1005
gph,4,7,1,108,49,4,83,85,mRNA,759
rpe,3,6,1,63,28,1,66,80,mRNA,678
dam,4,9,1,140,85,10,65,47,mRNA,837
damX,12,12,9,328,175,22,242,274,mRNA,1287
aroB,12,15,7,454,231,11,239,359,mRNA,1089
aroK,12,12,1,408,88,3,213,286,mRNA,522
mrcA,2,6,4,66,42,6,86,60,mRNA,2553
nudE,2,8,2,87,46,6,18,35,mRNA,561
igaA,3,7,7,27,96,10,44,33,mRNA,2136
yrfG,4,3,5,38,42,5,104,124,mRNA,669
hslO,4,5,13,59,252,29,113,231,mRNA,879
pck,56,52,22,410,500,86,381,767,mRNA,1623
envZ,7,16,5,115,130,31,97,64,mRNA,1353
ompR,9,6,4,50,87,5,95,101,mRNA,720
yhgF,1,5,3,28,49,29,152,156,mRNA,2322
feoA,4,12,11,18,36,0,34,127,mRNA,228
feoB,11,40,6,163,126,9,148,215,mRNA,2322
feoC,2,10,1,106,15,8,21,13,mRNA,237
yhgH,2,2,5,37,69,2,58,58,mRNA,684
nfuA,5,21,25,69,507,48,115,136,mRNA,576
gntT,2,8,1,8,37,15,140,136,mRNA,1317
malQ,15,78,103,286,2510,279,179,323,mRNA,2085
malP,26,55,59,190,1671,55,199,506,mRNA,2394
malT,4,43,22,417,476,44,668,874,mRNA,2706
glpG,7,5,2,74,53,6,39,45,mRNA,831
glpD,19,134,77,423,1571,159,497,495,mRNA,1506
glgP,22,6,5,158,67,25,126,176,mRNA,2448
glgA,15,2,1,87,58,5,47,70,mRNA,1434
glgC,9,6,1,54,42,3,66,100,mRNA,1296
glgX,11,9,2,99,56,10,92,96,mRNA,1974
glgB,14,9,2,137,122,4,93,117,mRNA,2187
yhgO,12,4,2,160,55,6,21,36,mRNA,42
yhgP,13,4,2,160,52,6,25,40,mRNA,30
asd,25,14,11,306,209,19,241,295,mRNA,1104
yhgN,1,1,1,25,13,1,27,11,mRNA,594
yhhX,4,6,2,62,38,3,119,114,mRNA,1038
yhhY,1,1,1,12,8,1,8,10,mRNA,489
yhhA,4,1,1,17,22,1,6,7,mRNA,441
panZ,2,1,2,51,14,1,19,14,mRNA,384
rpoH,15,41,11,652,427,84,285,347,mRNA,855
ftsX,7,12,3,149,111,7,77,113,mRNA,1059
ftsE,8,6,7,137,63,13,86,94,mRNA,669
ftsY,6,2,4,196,66,8,158,240,mRNA,1494
rsmD,3,4,3,40,21,1,18,34,mRNA,597
yhhL,2,2,1,28,17,1,3,12,mRNA,270
zntA,3,0,1,120,26,3,56,54,mRNA,2199
dcrB,11,26,6,459,149,46,131,177,mRNA,558
acpT,2,5,2,24,21,5,14,20,mRNA,588
nikA,4,1,1,4,2,0,168,133,mRNA,1575
nikE,8,3,1,28,3,0,93,100,mRNA,807
nikR,5,3,1,12,10,1,57,33,mRNA,402
yhiI,2,2,2,66,38,3,13,12,mRNA,1068
yhiY,2,4,3,68,23,3,4,5,mRNA,114
pitA,16,17,7,271,91,15,398,403,mRNA,1500
uspA,41,64,39,147,708,61,200,428,mRNA,435
dtpB,9,14,2,136,75,38,138,121,mRNA,1470
rsmJ,1,2,6,16,131,21,32,44,mRNA,753
prlC,6,8,21,35,424,55,155,328,mRNA,2043
gor,3,3,3,75,61,8,145,173,mRNA,1353
dinQ,5,30,10,503,78,178,8,14,mRNA,84
insH11,1,4,1,22,66,1,42,43,mRNA,981
hdeA,112,2,3,114,18,2,39,111,mRNA,333
gadX,3,5,1,45,6,6,6,8,mRNA,825
yhjJ,5,14,7,83,103,8,179,229,mRNA,1497
dctA,4,43,20,61,614,59,54,128,mRNA,1287
pdeK,1,8,2,32,35,2,26,55,mRNA,1989
bcsC,2,3,1,32,27,2,20,12,mRNA,3474
bcsE,3,4,1,74,57,2,44,43,mRNA,1572
bcsG,4,3,5,32,42,6,32,39,mRNA,1680
dppA,7,16,9,101,349,14,36,58,mRNA,1608
eptB,3,9,5,49,46,9,117,155,mRNA,1692
tag,1,1,1,26,27,1,24,26,mRNA,564
yiaC,1,1,0,22,21,3,12,16,mRNA,441
yiaD,3,10,5,12,117,3,70,68,mRNA,660
ghrB,4,8,2,25,51,26,103,120,mRNA,975
yiaF,14,27,10,247,77,50,178,218,mRNA,711
cspA,85,408,188,2220,1223,1108,6364,9589,mRNA,213
glyS,23,41,10,363,201,95,886,855,mRNA,2070
glyQ,8,6,3,208,64,7,380,419,mRNA,912
bax,7,20,14,136,155,73,138,143,mRNA,825
baxL,5,6,3,29,30,7,16,16,mRNA,27
avtA,1,3,4,20,35,1,77,80,mRNA,1254
ysaA,3,1,1,106,13,1,41,53,mRNA,474
selB,4,4,2,79,38,6,177,173,mRNA,1845
mtlA,2,6,5,49,92,35,62,60,mRNA,1914
mtlD,3,3,2,41,98,1,50,94,mRNA,1149
mtlR,1,3,4,16,100,3,41,44,mRNA,588
yibT,1,10,1,62,45,4,50,54,mRNA,210
lldR,2,3,20,28,486,40,8,2,mRNA,777
lldD,2,7,29,17,765,46,2,4,mRNA,1191
trmL,1,1,2,5,31,0,23,48,mRNA,474
cysE,7,10,7,92,200,19,121,163,mRNA,822
gpsA,15,39,32,403,675,64,460,472,mRNA,1020
secB,16,34,37,417,520,33,330,561,mRNA,468
grxC,7,3,2,131,59,1,97,224,mRNA,252
yibN,1,3,3,86,30,11,160,177,mRNA,432
gpmM,5,20,6,243,197,64,1470,2031,mRNA,1545
envC,4,16,9,238,192,55,105,137,mRNA,1260
yibQ,1,1,1,21,47,2,22,46,mRNA,960
tdh,18,19,14,93,281,73,204,343,mRNA,1026
kbl,12,4,2,77,59,5,298,464,mRNA,1197
rfaD,10,17,3,96,104,12,264,349,mRNA,933
waaF,6,16,2,89,113,16,136,153,mRNA,1047
waaC,4,2,3,44,55,4,51,83,mRNA,960
waaL,2,7,6,23,49,2,62,155,mRNA,1260
waaZ,2,3,2,39,17,2,12,51,mRNA,852
waaG,2,1,2,53,35,1,26,65,mRNA,1125
waaQ,3,1,1,36,25,1,64,115,mRNA,1035
waaA,2,5,1,32,36,1,57,92,mRNA,1278
coaD,3,2,1,30,35,3,24,26,mRNA,480
rpmG,57,176,51,1130,235,577,376,672,mRNA,168
rpmB,65,103,36,1088,195,180,862,1257,mRNA,237
dfp,7,4,1,36,71,4,95,151,mRNA,1221
dut,5,11,5,47,95,5,97,110,mRNA,459
slmA,1,9,3,37,59,2,57,85,mRNA,597
rph,3,3,1,65,20,6,97,108,mRNA,687
yicC,9,12,3,166,102,10,167,196,mRNA,864
yicG,2,3,2,18,40,2,4,13,mRNA,618
gmk,7,4,5,347,54,4,151,239,mRNA,624
rpoZ,13,4,5,393,131,3,179,162,mRNA,276
spoT,21,28,16,461,397,30,372,467,mRNA,2109
trmH,3,11,5,42,67,5,59,63,mRNA,690
recG,3,9,5,48,86,8,100,72,mRNA,2082
yicH,3,3,3,61,53,6,38,52,mRNA,1710
yicN,1,2,2,11,7,2,7,10,mRNA,453
ilvB,1,27,15,27,249,9,54,63,mRNA,1689
ivbL,1,73,8,154,35,56,76,62,mRNA,99
yidG,2,0,0,12,4,1,0,3,mRNA,363
yidE,2,8,2,37,102,12,32,60,mRNA,1662
yidQ,4,11,1,157,181,3,48,38,mRNA,333
yidA,2,7,3,27,43,20,96,179,mRNA,813
gyrB,11,24,10,311,170,54,396,614,mRNA,2415
recF,2,5,4,112,46,3,62,62,mRNA,1074
dnaA,8,8,4,506,59,6,280,281,mRNA,1404
rpmH,21,341,42,312,303,32,351,403,mRNA,141
rnpA,16,270,34,222,333,19,221,260,mRNA,360
yidD,9,31,6,56,174,9,101,127,mRNA,258
yidC,13,56,19,204,283,99,717,827,mRNA,1647
mnmE,2,9,5,25,34,6,58,79,mRNA,1365
tnaC,278,7,20,722,1040,33,5,7,mRNA,75
tnaA,759,13,172,2051,4717,94,127,170,mRNA,1416
tnaB,54,5,32,77,614,57,22,17,mRNA,1248
yieE,3,7,4,179,31,2,64,136,mRNA,750
phoU,2,3,1,28,41,7,20,28,mRNA,726
pstC,1,1,1,4,22,3,6,2,mRNA,960
glmS,18,31,18,271,403,53,505,714,mRNA,1830
glmU,9,17,12,349,240,16,544,519,mRNA,1371
atpC,9,38,27,463,139,369,391,563,mRNA,420
atpD,14,29,24,567,352,28,1418,1721,mRNA,1383
atpG,7,33,14,427,253,22,761,1106,mRNA,864
atpA,17,84,44,765,608,75,1745,2183,mRNA,1542
atpH,19,29,18,869,343,35,663,813,mRNA,534
atpF,25,42,16,1116,427,29,754,974,mRNA,471
atpE,21,10,10,955,202,11,338,410,mRNA,240
atpB,18,14,13,952,255,15,469,714,mRNA,816
atpI,8,9,6,352,87,7,101,126,mRNA,381
rsmG,1,3,0,9,19,0,51,51,mRNA,624
mnmG,6,12,5,134,170,7,271,368,mRNA,1890
mioC,4,16,3,105,74,10,114,135,mRNA,444
asnA,8,7,7,1690,97,10,57,49,mRNA,993
kup,4,9,2,27,23,2,76,110,mRNA,1869
rbsA,1,57,5,62,156,5,307,425,mRNA,1506
rbsC,4,29,3,97,124,5,204,283,mRNA,966
rbsB,22,25,33,227,634,134,448,617,mRNA,891
rbsK,3,22,7,62,198,15,162,265,mRNA,930
rbsR,3,21,4,37,146,8,59,53,mRNA,993
hsrA,7,5,0,85,48,2,24,29,mRNA,1428
yieP,13,7,3,214,78,1,74,147,mRNA,693
maoP,6,30,1,49,38,81,132,147,mRNA,339
ilvL,1,10,3,113,16,49,20,12,mRNA,99
ilvC,2,61,4,74,155,14,84,366,mRNA,1476
ppiC,2,5,4,72,27,41,33,50,mRNA,282
gpp,6,17,9,196,200,22,107,111,mRNA,1485
rhlB,10,17,10,231,179,9,183,277,mRNA,1266
trxA,14,63,13,1023,491,40,259,412,mRNA,330
rhoL,14,18,4,97,61,6,174,235,mRNA,102
rho,24,53,11,151,369,88,782,1001,mRNA,1260
rfe,16,18,8,148,60,9,134,163,mRNA,1104
wzzE,17,13,9,200,105,8,95,119,mRNA,1047
wecB,11,3,3,105,58,3,185,198,mRNA,1131
wecC,16,6,3,149,64,4,194,251,mRNA,1263
rffG,7,7,4,138,44,4,142,173,mRNA,1068
wecE,1,3,2,102,47,1,96,104,mRNA,1131
wzxE,4,2,1,118,46,3,53,67,mRNA,1251
wecF,2,2,1,63,32,1,67,42,mRNA,1080
yifK,2,7,3,53,35,2,68,120,mRNA,1386
hemY,10,8,4,133,153,15,173,171,mRNA,1197
hemD,4,5,4,120,104,2,68,61,mRNA,741
hemC,5,11,5,125,218,2,143,143,mRNA,942
cyaA,30,32,14,258,226,9,262,242,mRNA,2547
yifL,6,8,6,189,62,1,48,90,mRNA,204
dapF,9,17,10,282,152,10,98,111,mRNA,825
yigA,5,11,8,171,121,7,73,79,mRNA,708
xerC,5,5,1,108,79,6,103,113,mRNA,897
uvrD,3,6,5,177,96,9,166,179,mRNA,2163
ysgD,3,7,2,23,35,4,8,11,mRNA,57
corA,10,9,5,86,64,12,101,147,mRNA,951
rarD,1,3,1,9,17,2,10,16,mRNA,891
pldA,3,2,2,71,37,3,31,40,mRNA,870
rhtC,1,2,3,39,19,2,22,19,mRNA,621
pldB,3,10,5,51,60,5,40,48,mRNA,1023
yigL,3,4,1,30,47,2,62,82,mRNA,801
bioP,1,1,1,12,14,2,10,8,mRNA,900
udp,14,48,56,67,1285,189,1225,1378,mRNA,762
ubiE,3,9,8,149,92,4,144,208,mRNA,756
ubiJ,5,11,8,161,105,10,96,80,mRNA,606
ubiB,8,13,9,237,154,9,174,260,mRNA,1641
tatA,11,7,3,344,111,4,205,348,mRNA,270
tatB,12,9,4,293,176,1,171,217,mRNA,516
tatC,6,10,7,106,104,18,152,182,mRNA,777
ubiD,19,15,13,460,247,12,178,265,mRNA,1494
fre,12,9,15,357,160,10,80,105,mRNA,702
pepQ,10,4,6,205,99,4,185,373,mRNA,1332
yigZ,6,5,4,159,123,7,42,70,mRNA,615
trkH,7,6,4,96,57,5,86,86,mRNA,1452
yihD,9,3,2,179,61,9,44,57,mRNA,270
srkA,7,6,4,207,126,15,85,156,mRNA,987
polA,9,9,7,136,129,7,239,424,mRNA,2787
yihA,5,13,4,184,82,5,114,114,mRNA,633
yihI,1,1,1,27,31,3,22,48,mRNA,510
hemN,1,5,1,53,55,3,76,120,mRNA,1374
yshB,1,4,3,76,98,19,14,9,mRNA,111
glnG,1,2,3,50,42,3,43,41,mRNA,1410
glnL,3,1,2,34,25,4,51,76,mRNA,1050
glnA,8,19,14,95,206,33,940,1477,mRNA,1410
bipA,10,41,9,315,75,63,816,1044,mRNA,1824
csqR,2,7,4,15,39,3,51,46,mRNA,786
yihX,8,9,4,60,67,4,31,56,mRNA,600
yihY,5,8,3,97,63,5,33,54,mRNA,873
dtd,5,1,3,170,68,2,72,63,mRNA,438
fabY,6,1,2,102,100,9,80,65,mRNA,990
fdhE,6,40,24,215,543,80,140,171,mRNA,930
fdoI,10,28,20,206,329,85,116,152,mRNA,636
fdoH,9,22,9,259,249,23,154,187,mRNA,903
fdoG,23,57,26,443,660,40,468,725,mRNA,3051
sodA,3,44,53,34,383,321,104,205,mRNA,621
kdgT,1,1,1,0,9,2,2,8,mRNA,984
cpxA,8,4,8,104,140,6,142,174,mRNA,1374
cpxR,6,5,2,70,78,0,112,121,mRNA,699
cpxP,6,7,3,105,97,13,21,30,mRNA,501
fieF,6,7,3,69,23,2,38,85,mRNA,903
pfkA,10,13,4,239,148,27,1330,1728,mRNA,963
tpiA,33,29,19,559,517,62,966,1481,mRNA,768
yiiQ,3,2,0,8,18,1,4,18,mRNA,600
uspD,19,2,1,26,67,5,49,86,mRNA,429
fpr,3,4,1,35,56,3,45,71,mRNA,747
glpX,3,10,9,75,222,34,184,189,mRNA,1011
zapB,11,28,22,777,294,67,283,415,mRNA,246
rraA,15,15,4,742,54,65,168,297,mRNA,486
menA,1,0,1,30,33,1,28,38,mRNA,927
hslU,5,26,49,106,1126,207,480,862,mRNA,1332
hslV,3,1,14,27,226,15,222,393,mRNA,531
ftsN,6,11,7,48,176,12,86,103,mRNA,960
rpmE,15,273,23,377,157,317,687,826,mRNA,213
katG,105,4,12,284,233,40,633,1632,mRNA,2181
yijE,2,0,0,18,13,1,24,28,mRNA,906
eptC,2,4,1,20,31,3,66,71,mRNA,1734
ppc,16,9,7,141,279,25,321,395,mRNA,2652
oxyR,6,24,4,186,108,16,113,126,mRNA,918
sthA,11,9,13,95,339,21,50,67,mRNA,1401
fabR,11,11,7,245,119,10,121,148,mRNA,705
yijD,6,11,9,217,152,48,76,111,mRNA,360
trmA,4,6,1,46,46,5,85,107,mRNA,1101
btuB,2,9,4,105,115,6,133,219,mRNA,1845
murI,4,17,6,101,136,5,57,98,mRNA,858
coaA,1,10,1,50,47,5,53,88,mRNA,951
tufB,63,407,137,1538,2072,1345,6030,6940,mRNA,1185
secE,13,8,6,298,126,2,224,258,mRNA,384
nusG,18,47,17,449,293,118,270,368,mRNA,546
rplK,58,26,10,2782,97,11,1159,1788,mRNA,429
rplA,73,120,31,3413,333,67,2049,2700,mRNA,705
rplJ,136,136,44,4740,783,52,2756,2927,mRNA,498
rplL,136,325,64,4721,2376,725,2175,2942,mRNA,366
rpoB,24,61,17,520,412,29,1922,2670,mRNA,4029
rpoC,8,100,32,678,387,400,2413,3003,mRNA,4224
rsd,1,14,6,179,96,2,12,18,mRNA,477
hemE,1,4,3,52,60,2,90,135,mRNA,1065
nfi,2,6,2,37,59,5,48,30,mRNA,672
hupA,26,164,89,1521,2656,364,871,1307,mRNA,273
yjaH,1,20,6,156,184,29,36,51,mRNA,696
zraR,2,1,1,56,29,1,29,38,mRNA,1326
aceB,2,5,3,310,294,8,47,66,mRNA,1602
aceA,3,6,15,48,338,11,66,40,mRNA,1305
aceK,2,1,7,10,173,11,20,12,mRNA,1737
iclR,1,10,4,151,90,5,60,84,mRNA,825
metH,3,9,3,121,124,6,91,130,mRNA,3684
lysC,1,2,0,10,17,2,50,36,mRNA,1350
pgi,14,11,10,246,136,16,583,903,mRNA,1650
malG,2,44,59,1,572,66,2,22,mRNA,891
malF,2,58,49,1,1072,61,13,56,mRNA,1545
malE,33,94,134,18,3977,164,40,285,mRNA,1191
malK,4,80,51,5,1466,91,43,178,mRNA,1116
lamB,15,111,170,4,3490,394,16,172,mRNA,1341
malM,7,92,83,2,1142,181,4,52,mRNA,921
ubiC,2,6,1,63,45,3,27,49,mRNA,498
ubiA,3,12,3,85,81,16,31,34,mRNA,873
plsB,7,14,7,101,85,25,323,444,mRNA,2424
lexA,11,22,5,536,225,15,155,243,mRNA,609
dinF,3,0,0,42,27,2,12,32,mRNA,1380
yjbJ,8,1,0,32,35,1,4,34,mRNA,210
zur,6,6,1,82,31,3,25,49,mRNA,516
dusA,6,4,3,60,39,6,82,89,mRNA,1038
qorA,3,5,3,26,32,8,28,49,mRNA,984
dnaB,4,11,2,117,72,4,135,140,mRNA,1416
alr,4,7,3,87,75,5,111,100,mRNA,1080
tyrB,1,2,6,130,132,6,116,169,mRNA,1194
aphA,7,18,20,206,345,29,83,128,mRNA,714
uvrA,4,2,4,144,32,5,115,96,mRNA,2823
ssb,12,21,4,337,162,63,142,155,mRNA,537
soxS,4,6,1,1,14,2,3,4,mRNA,324
gltP,5,8,7,181,145,7,124,136,mRNA,1314
yjcO,3,1,1,24,18,1,14,14,mRNA,690
yjdP,1,2,1,34,23,1,6,13,mRNA,330
proP,34,2,9,296,88,11,166,177,mRNA,1503
dcuR,4,2,3,13,61,1,19,24,mRNA,720
dcuS,3,4,2,32,33,1,50,64,mRNA,1632
lysU,32,24,21,306,290,65,481,778,mRNA,1518
yjdC,4,1,2,45,39,3,36,55,mRNA,576
dcuA,52,30,16,275,256,36,388,598,mRNA,1302
aspA,78,116,54,1488,850,219,2160,3902,mRNA,1437
groS,1,14,24,149,264,16,554,1130,mRNA,294
groL,5,57,92,398,2446,1932,3056,4839,mRNA,1647
yjeI,14,7,3,365,87,9,47,51,mRNA,354
efp,21,42,25,626,386,33,460,531,mRNA,567
ecnA,2,2,2,80,35,3,10,16,mRNA,126
ecnB,3,8,2,63,29,9,12,28,mRNA,147
gdx,2,1,1,66,9,3,6,10,mRNA,318
ampC,5,1,1,50,17,1,31,39,mRNA,1134
frdD,129,11,10,1476,165,52,110,169,mRNA,360
frdC,131,7,4,1439,90,9,116,276,mRNA,396
frdB,115,15,2,1161,71,0,393,608,mRNA,735
frdA,104,30,4,1070,198,6,872,1479,mRNA,1809
epmA,1,3,2,50,9,2,51,64,mRNA,978
mscM,5,13,9,106,123,13,78,109,mRNA,3324
psd,9,7,7,50,109,3,125,148,mRNA,969
rsgA,9,7,5,160,93,5,147,193,mRNA,1053
orn,4,2,1,99,40,3,57,72,mRNA,546
amiB,5,1,8,149,46,1,100,70,mRNA,1338
mutL,7,11,6,265,87,4,142,125,mRNA,1848
miaA,22,15,33,1371,415,54,527,741,mRNA,951
hfq,35,75,47,1844,694,101,287,555,mRNA,309
hflX,21,8,15,659,421,19,369,470,mRNA,1281
hflK,18,11,9,372,341,14,415,568,mRNA,1260
hflC,20,19,12,322,433,147,290,432,mRNA,1005
purA,33,103,22,515,572,116,578,735,mRNA,1299
nsrR,5,3,1,148,34,5,43,76,mRNA,426
rnr,11,7,3,312,109,10,345,521,mRNA,2442
yjfN,0,16,6,150,109,9,23,69,mRNA,276
bsmA,1,28,6,281,91,11,62,201,mRNA,330
rpsF,44,26,7,1067,104,3,811,1017,mRNA,396
priB,49,43,9,1171,229,11,503,787,mRNA,315
rpsR,48,63,9,1039,257,11,348,690,mRNA,228
rplI,56,354,38,1198,785,647,476,663,mRNA,450
ytfB,3,4,3,116,69,3,16,60,mRNA,639
fklB,6,19,9,77,284,14,128,144,mRNA,621
cycA,2,5,11,66,92,35,53,69,mRNA,1413
cysQ,2,5,4,124,46,12,31,24,mRNA,741
ytfK,8,34,14,332,274,164,65,159,mRNA,207
paeA,2,3,1,39,24,2,40,24,mRNA,1344
msrA,3,0,1,21,29,3,28,32,mRNA,639
tamA,5,6,2,72,65,1,56,73,mRNA,1734
tamB,12,6,4,200,129,5,176,194,mRNA,3780
ppa,16,60,18,290,197,249,737,966,mRNA,531
fbp,6,20,5,47,89,14,56,80,mRNA,999
mpl,5,5,4,304,117,23,230,262,mRNA,1374
yjgA,4,4,1,127,51,4,95,152,mRNA,552
tldE,7,10,1,138,87,5,94,168,mRNA,1353
nrdD,14,2,6,120,79,3,199,333,mRNA,2139
treC,29,31,38,469,952,133,110,135,mRNA,1656
treB,21,72,69,608,1152,79,114,212,mRNA,1422
mgtA,2,24,8,129,101,4,136,143,mRNA,2697
ridA,26,35,17,84,562,51,143,226,mRNA,387
tabA,107,44,27,1577,480,8,697,1171,mRNA,453
yjgL,6,7,3,93,45,4,107,262,mRNA,1815
rraB,10,11,3,229,82,15,207,331,mRNA,417
valS,11,18,14,148,223,28,473,694,mRNA,2856
holC,3,2,2,58,63,3,51,76,mRNA,444
pepA,9,5,16,194,177,18,217,296,mRNA,1512
lptF,10,12,2,180,99,6,113,130,mRNA,1101
lptG,6,13,3,191,71,28,73,105,mRNA,1083
insI3,5,1,4,28,38,2,38,41,mRNA,1152
fecC,1,23,5,19,118,10,5,28,mRNA,999
fecB,1,21,7,21,163,3,20,45,mRNA,903
fecA,6,38,19,30,409,12,84,209,mRNA,2325
ykiE,0,6,2,10,7,3,8,1,mRNA,69
insA7,1,4,2,9,7,0,5,6,mRNA,276
yjhU,3,8,1,126,53,1,40,79,mRNA,987
fimB,4,2,2,5,24,3,15,38,mRNA,603
fimA,23,8,8,666,71,6,153,181,mRNA,549
gntP,1,3,2,10,26,5,6,14,mRNA,1344
uxuA,1,7,2,5,81,4,47,67,mRNA,1185
uxuB,1,1,6,21,124,21,40,51,mRNA,1461
uxuR,6,1,2,72,28,3,12,34,mRNA,774
hsdR,5,10,4,102,177,7,94,112,mRNA,3513
mrr,1,2,3,36,33,1,8,28,mRNA,915
yjiA,3,8,13,38,202,21,46,78,mRNA,957
btsT,9,73,130,77,2193,690,350,567,mRNA,2151
opgB,1,17,5,51,164,9,92,99,mRNA,2292
yjjA,7,8,1,30,30,3,15,24,mRNA,495
fhuF,2,16,9,4,114,8,12,14,mRNA,789
rsmC,3,4,1,41,56,6,63,77,mRNA,1032
holD,2,1,2,31,21,3,39,31,mRNA,414
prfC,12,20,1,41,100,6,195,274,mRNA,1590
yjjU,2,1,1,56,17,1,44,50,mRNA,1074
yjjV,1,1,2,72,25,4,69,52,mRNA,780
deoC,5,13,5,41,198,23,237,288,mRNA,780
deoA,5,4,2,31,88,4,264,351,mRNA,1323
deoB,18,18,10,204,367,18,536,878,mRNA,1224
deoD,14,26,19,178,430,146,491,715,mRNA,720
yjjJ,4,2,2,30,44,5,19,39,mRNA,1332
lplA,3,3,1,7,25,3,33,32,mRNA,1017
ettA,4,11,4,266,245,47,240,295,mRNA,1668
slt,1,2,3,38,52,3,50,50,mRNA,1938
yjjX,3,2,1,50,19,5,25,33,mRNA,513
ytjC,1,10,3,49,65,5,41,52,mRNA,648
rob,26,23,5,253,217,16,145,148,mRNA,870
creB,1,5,1,49,66,0,29,26,mRNA,690
creC,3,1,2,32,38,2,18,6,mRNA,1425
arcA,30,29,18,569,230,83,518,812,mRNA,717
